{"DocumentTypeId":"Factura.Factura.BipDrive","FormId":"21bc4cc6","FormName":"FrBd1","OriginalFileExtension":"pdf","Pages":[{"Page":0,"Size":[0.0,0.0,595.0,842.0],"SkewAngle":0.0,"Evidence":[{"Text":"FACTURE","Box":[28.24,382.8,51.94,12.72]},{"Text":"BIP&GO","Box":[38.68,177.84,26.85,8.09]},{"Text":"LIBELLE","Box":[289.33,132.72,39.47,11.56]},{"Text":"MONTANT","Box":[289.33,431.28,49.44,11.56]},{"Text":"SAS","Box":[798.76,149.28,14.01,8.09]},{"Text":"Bip&GO","Box":[813.85,203.87,22.01,6.94]}],"Fields":[],"Tables":[{"FieldId":"Factura.Factura.BipDrive.LIN","Headers":[{"FieldId":"Factura.Factura.BipDrive.LIN.PRE","Box":[0.0,0.0,0.0,0.0]},{"FieldId":"Factura.Factura.BipDrive.LIN.CAN","Box":[0.0,0.0,0.0,0.0]},{"FieldId":"Factura.Factura.BipDrive.LIN.POR_DTO","Box":[0.0,0.0,0.0,0.0]},{"FieldId":"Factura.Factura.BipDrive.LIN.DSC","Box":[0.0,0.0,0.0,0.0]},{"FieldId":"Factura.Factura.BipDrive.LIN.TIP_IVA","Box":[0.0,0.0,0.0,0.0]},{"FieldId":"Factura.Factura.BipDrive.LIN.APL_RET_IRP","Box":[0.0,0.0,0.0,0.0]}],"Cells":[{"Row":0,"Column":0,"Box":[411.9862,130.4897,48.4207,22.9793]},{"Row":0,"Column":3,"Box":[315.9655,14.7724,262.6207,20.5172]},{"Row":0,"Column":4,"Box":[411.9862,70.5793,50.0621,22.1586]}]}]},{"Page":1,"Size":[0.0,0.0,595.0,842.0],"SkewAngle":0.0,"Evidence":[],"Fields":[],"Tables":[]}],"AnchorBasedConfiguration":{"AnchorBasedFieldConfiguration":[{"FieldId":"Factura.Factura.BipDrive.FCH","FieldDescriptors":[{"PageIndexAtDesignTime":0,"Offset":[-8.1669,8.2988,68.1172,13.9517],"Target":{"Text":"du","Area":[41.2,382.8,12.23,12.72]},"Anchors":[{"Text":"FACTURE","Area":[28.24,382.8,51.94,12.72]}]}]},{"FieldId":"Factura.Factura.BipDrive.NUM_FAC_PRV","FieldDescriptors":[{"PageIndexAtDesignTime":0,"Offset":[-10.8,8.23,81.2483,18.0552],"Target":{"Text":"N°","Area":[28.24,437.8,12.34,12.72]},"Anchors":[{"Text":"FACTURE","Area":[28.24,382.8,51.94,12.72]}]}]}]}}