{"DocumentTypeId":"Factura.Factura.BipDrive","FormId":"5687aaf9","FormName":"EsBd1","OriginalFileExtension":"pdf","Pages":[{"Page":0,"Size":[0.0,0.0,595.0,842.0],"SkewAngle":0.0,"Evidence":[{"Text":"Datos","Box":[94.47,41.0,25.26,12.29]},{"Text":"Información","Box":[203.47,41.0,52.19,12.29]},{"Text":"RESUMEN","Box":[303.17,38.0,62.82,19.11]},{"Text":"www.bipdrive.com","Box":[29.49,369.28,82.16,10.4]},{"Text":"info@bipdrive.com","Box":[29.49,476.46,82.54,10.4]},{"Text":"Pág.","Box":[64.53,507.8,17.78,10.92]},{"Text":"Importe","Box":[326.35,501.31,41.29,15.02]},{"Text":"Inscrita","Box":[814.06,66.0,25.43,10.24]},{"Text":"A-86969607","Box":[814.06,476.74,41.27,10.24]}],"Fields":[],"Tables":[{"FieldId":"Factura.Factura.BipDrive.LIN","Headers":[{"FieldId":"Factura.Factura.BipDrive.LIN.PRE","Box":[0.0,0.0,0.0,0.0]},{"FieldId":"Factura.Factura.BipDrive.LIN.CAN","Box":[0.0,0.0,0.0,0.0]},{"FieldId":"Factura.Factura.BipDrive.LIN.POR_DTO","Box":[0.0,0.0,0.0,0.0]},{"FieldId":"Factura.Factura.BipDrive.LIN.DSC","Box":[0.0,0.0,0.0,0.0]},{"FieldId":"Factura.Factura.BipDrive.LIN.TIP_IVA","Box":[0.0,0.0,0.0,0.0]},{"FieldId":"Factura.Factura.BipDrive.LIN.APL_RET_IRP","Box":[0.0,0.0,0.0,0.0]}],"Cells":[{"Row":0,"Column":0,"Box":[335.1345,485.332,79.1857,30.6525]},{"Row":0,"Column":3,"Box":[335.1345,27.5873,350.4608,30.6525]},{"Row":1,"Column":0,"Box":[365.787,485.332,79.1857,27.0764]},{"Row":1,"Column":3,"Box":[365.787,27.5873,350.4608,27.0764]}]}]},{"Page":1,"Size":[0.0,0.0,595.0,842.0],"SkewAngle":0.0,"Evidence":[],"Fields":[],"Tables":[]},{"Page":2,"Size":[0.0,0.0,595.0,842.0],"SkewAngle":0.0,"Evidence":[],"Fields":[],"Tables":[]}],"AnchorBasedConfiguration":{"AnchorBasedFieldConfiguration":[{"FieldId":"Factura.Factura.BipDrive.FCH","FieldDescriptors":[{"PageIndexAtDesignTime":0,"Offset":[-9.8192,74.0092,139.5233,18.8545],"Target":{"Text":"Fecha emisión","Area":[237.47,38.0,62.57,12.29]},"Anchors":[{"Text":"Información de la factura","Area":[203.47,41.0,111.73,12.29]}]}]},{"FieldId":"Factura.Factura.BipDrive.FCH_REC","FieldDescriptors":[{"PageIndexAtDesignTime":0,"Offset":[-9.2952,61.0951,143.7655,17.9118],"Target":{"Text":"Fecha Vencimiento","Area":[269.47,38.0,85.57,12.29]},"Anchors":[{"Text":"Información de la factura","Area":[203.47,41.0,111.73,12.29]}]}]},{"FieldId":"Factura.Factura.BipDrive.NUM_FAC_PRV","FieldDescriptors":[{"PageIndexAtDesignTime":0,"Offset":[-8.9028,69.4028,137.1665,16.0263],"Target":{"Text":"Número Factura","Area":[221.47,38.0,70.84,12.29]},"Anchors":[{"Text":"Información de la factura","Area":[203.47,41.0,111.73,12.29]}]}]},{"FieldId":"Factura.Factura.BipDrive.PRV_CIF","FieldDescriptors":[{"PageIndexAtDesignTime":0,"Offset":[-8.3538,7.0802,47.1064,16.2436],"Target":{"Text":"CIF:","Area":[814.06,461.42,13.25,10.24]},"Anchors":[{"Text":"Bip&Drive,","Area":[789.56,152.94,37.01,10.24]}]}]},{"FieldId":"Factura.Factura.BipDrive.PRV_NOM","FieldDescriptors":[{"PageIndexAtDesignTime":0,"Offset":[-32.3924,-349.969,85.8314,14.9272],"Target":{"Text":"A-86969607","Area":[814.06,476.74,41.27,10.24]},"Anchors":[]}]},{"FieldId":"Factura.Factura.BipDrive.PRV_LLOC","FieldDescriptors":[{"PageIndexAtDesignTime":0,"Offset":[-11.6242,15.8322,34.2082,18.659],"Target":{"Text":"28001","Area":[789.56,341.36,20.78,10.24]},"Anchors":[{"Text":"Bip&Drive,","Area":[789.56,152.94,37.01,10.24]}]}]},{"FieldId":"Factura.Factura.BipDrive.PRV_CPS","FieldDescriptors":[{"PageIndexAtDesignTime":0,"Offset":[-7.8924,-44.6692,27.3665,15.5492],"Target":{"Text":"Madrid","Area":[789.56,368.76,26.03,10.24]},"Anchors":[{"Text":"Bip&Drive,","Area":[789.56,152.94,37.01,10.24]}]}]},{"FieldId":"Factura.Factura.BipDrive.PRV_DIR","FieldDescriptors":[{"PageIndexAtDesignTime":0,"Offset":[-10.3803,-114.7808,101.3805,17.4151],"Target":{"Text":"28001","Area":[789.56,341.36,20.78,10.24]},"Anchors":[{"Text":"Madrid","Area":[789.56,368.76,26.03,10.24]},{"Text":"Bip&Drive,","Area":[789.56,152.94,37.01,10.24]}]}]},{"FieldId":"Factura.Factura.BipDrive.FPG","FieldDescriptors":[{"PageIndexAtDesignTime":0,"Offset":[61.821,-44.2599,111.5394,18.9509],"Target":{"Text":"Datos del cliente","Area":[94.47,41.0,73.66,12.29]},"Anchors":[]}]},{"FieldId":"Factura.Factura.BipDrive.APL_RET_IRP","FieldDescriptors":[{"PageIndexAtDesignTime":0,"Offset":[-6.5909,7.0241,27.0828,14.7724],"Target":{"Text":"IVA","Area":[409.97,38.0,15.0,12.29]},"Anchors":[{"Text":"RESUMEN FACTURA","Area":[303.17,38.0,128.66,19.11]}]}]}]}}