{"DocumentTypeId":"Factura.Factura.Orange","FormId":"2c408d84","FormName":"orgFj1","OriginalFileExtension":"pdf","Pages":[{"Page":0,"Size":[0.0,0.0,595.0,841.0],"SkewAngle":0.0,"Evidence":[{"Text":"Datos","Box":[113.9,36.0,28.15,11.93]},{"Text":"F","Box":[27.61,240.88,16.11,36.45]},{"Text":"Número","Box":[74.25,194.62,24.25,8.51]},{"Text":"resumen","Box":[263.23,56.57,56.12,18.23]},{"Text":"actura","Box":[27.61,256.99,81.15,36.45]},{"Text":"factura","Box":[74.25,371.31,20.75,8.51]},{"Text":"Período","Box":[74.25,466.78,23.35,8.51]},{"Text":"Evolución","Box":[494.82,36.0,61.97,18.23]}],"Fields":[],"Tables":[{"FieldId":"Factura.Factura.Orange.LIN","Headers":[{"FieldId":"Factura.Factura.Orange.LIN.PRE","Box":[0.0,0.0,0.0,0.0]},{"FieldId":"Factura.Factura.Orange.LIN.CAN","Box":[0.0,0.0,0.0,0.0]},{"FieldId":"Factura.Factura.Orange.LIN.POR_DTO","Box":[0.0,0.0,0.0,0.0]},{"FieldId":"Factura.Factura.Orange.LIN.DSC","Box":[0.0,0.0,0.0,0.0]},{"FieldId":"Factura.Factura.Orange.LIN.TIP_IVA","Box":[0.0,0.0,0.0,0.0]},{"FieldId":"Factura.Factura.Orange.LIN.APL_RET_IRP","Box":[0.0,0.0,0.0,0.0]}],"Cells":[{"Row":0,"Column":0,"Box":[292.1655,256.8759,60.731,21.3379]},{"Row":0,"Column":2,"Box":[292.9862,320.8897,70.5793,20.5172]},{"Row":0,"Column":3,"Box":[293.8069,31.1862,214.2,18.8759]},{"Row":0,"Column":4,"Box":[337.3034,335.6621,27.0828,13.131]}]}]},{"Page":1,"Size":[0.0,0.0,595.0,841.0],"SkewAngle":0.0,"Evidence":[],"Fields":[],"Tables":[]},{"Page":2,"Size":[0.0,0.0,595.0,841.0],"SkewAngle":0.0,"Evidence":[{"Text":"Informe","Box":[32.58,294.08,32.41,12.15]},{"Text":"cuenta:","Box":[32.58,335.75,32.05,12.15]},{"Text":"factura","Box":[61.26,338.18,29.64,12.15]},{"Text":"Desglose","Box":[125.18,36.0,44.43,11.93]},{"Text":"Página","Box":[817.08,525.0,21.78,9.3]}],"Fields":[],"Tables":[]},{"Page":3,"Size":[0.0,0.0,595.0,841.0],"SkewAngle":0.0,"Evidence":[],"Fields":[],"Tables":[]}],"AnchorBasedConfiguration":{"AnchorBasedFieldConfiguration":[{"FieldId":"Factura.Factura.Orange.FCH","FieldDescriptors":[{"PageIndexAtDesignTime":0,"Offset":[4.3847,-28.1705,57.0379,13.5414],"Target":{"Text":"Fecha de factura","Area":[74.25,341.35,50.71,8.51]},"Anchors":[]}]},{"FieldId":"Factura.Factura.Orange.NUM_FAC_PRV","FieldDescriptors":[{"PageIndexAtDesignTime":0,"Offset":[5.2053,-34.5417,70.5793,12.7207],"Target":{"Text":"Número de factura","Area":[74.25,194.62,56.54,8.51]},"Anchors":[]}]},{"FieldId":"Factura.Factura.Orange.PRV_CIF","FieldDescriptors":[{"PageIndexAtDesignTime":0,"Offset":[-34.3512,-4.5848,9.8986,30.6386],"Target":{"Text":"CIF","Area":[182.43,9.98,6.65,8.05]},"Anchors":[{"Text":"Orange","Area":[657.73,9.98,6.65,16.67]}]}]},{"FieldId":"Factura.Factura.Orange.PRV_NOM","FieldDescriptors":[{"PageIndexAtDesignTime":0,"Offset":[28.7737,-5.9954,10.8291,20.3045],"Target":{"Text":"S.A.U","Area":[620.8,9.98,6.65,13.04]},"Anchors":[{"Text":"A-82009812","Area":[153.81,9.98,6.65,27.24]}]}]},{"FieldId":"Factura.Factura.Orange.PRV_LLOC","FieldDescriptors":[{"PageIndexAtDesignTime":0,"Offset":[-71.981,-5.5084,10.2586,18.8759],"Target":{"Text":"28223","Area":[440.7,9.98,6.65,13.9]},"Anchors":[]}]},{"FieldId":"Factura.Factura.Orange.PRV_CPS","FieldDescriptors":[{"PageIndexAtDesignTime":0,"Offset":[22.7328,-5.5084,10.2586,16.4138],"Target":{"Text":"Pozuelo de Alarcón,","Area":[394.59,9.98,6.65,44.72]},"Anchors":[{"Text":"Madrid.","Area":[376.54,9.98,6.65,16.67]}]}]},{"FieldId":"Factura.Factura.Orange.PRV_DIR","FieldDescriptors":[{"PageIndexAtDesignTime":0,"Offset":[5.9845,-5.5084,10.669,124.7448],"Target":{"Text":"28223","Area":[440.7,9.98,6.65,13.9]},"Anchors":[{"Text":"Madrid.","Area":[376.54,9.98,6.65,16.67]},{"Text":"Orange","Area":[657.73,9.98,6.65,16.67]}]}]}]}}