{"DocumentTypeId":"Factura.Factura.Orange","FormId":"41e6492d","FormName":"orgMv","OriginalFileExtension":"pdf","Pages":[{"Page":0,"Size":[0.0,0.0,595.0,841.0],"SkewAngle":0.0,"Evidence":[{"Text":"factura","Box":[39.75,165.67,93.92,36.86]},{"Text":"¡Hola!","Box":[102.38,56.69,38.36,16.7]},{"Text":"Resumen","Box":[240.27,99.21,42.24,12.21]},{"Text":"Titular:","Box":[24.35,328.82,27.33,10.99]},{"Text":"Gestiona","Box":[799.24,56.69,32.0,9.77]},{"Text":"Página","Box":[817.34,525.0,20.62,8.51]}],"Fields":[],"Tables":[{"FieldId":"Factura.Factura.Orange.LIN","Headers":[{"FieldId":"Factura.Factura.Orange.LIN.PRE","Box":[0.0,0.0,0.0,0.0]},{"FieldId":"Factura.Factura.Orange.LIN.CAN","Box":[0.0,0.0,0.0,0.0]},{"FieldId":"Factura.Factura.Orange.LIN.POR_DTO","Box":[0.0,0.0,0.0,0.0]},{"FieldId":"Factura.Factura.Orange.LIN.DSC","Box":[0.0,0.0,0.0,0.0]},{"FieldId":"Factura.Factura.Orange.LIN.TIP_IVA","Box":[0.0,0.0,0.0,0.0]},{"FieldId":"Factura.Factura.Orange.LIN.APL_RET_IRP","Box":[0.0,0.0,0.0,0.0]}],"Cells":[{"Row":0,"Column":0,"Box":[257.6966,423.4759,57.4483,22.9793]},{"Row":0,"Column":1,"Box":[258.5172,263.4414,54.9862,22.9793]},{"Row":0,"Column":3,"Box":[257.6966,90.2759,156.7517,22.9793]},{"Row":0,"Column":4,"Box":[371.7724,360.2828,29.5448,20.5172]},{"Row":1,"Column":0,"Box":[305.2966,332.3793,82.8897,21.3379]},{"Row":1,"Column":1,"Box":[305.2966,265.9034,53.3448,22.1586]},{"Row":1,"Column":3,"Box":[306.1172,89.4552,173.9862,21.3379]}]}]},{"Page":1,"Size":[0.0,0.0,595.0,841.0],"SkewAngle":0.0,"Evidence":[],"Fields":[],"Tables":[]},{"Page":2,"Size":[0.0,0.0,595.0,841.0],"SkewAngle":0.0,"Evidence":[],"Fields":[],"Tables":[]},{"Page":3,"Size":[0.0,0.0,595.0,841.0],"SkewAngle":0.0,"Evidence":[],"Fields":[],"Tables":[]},{"Page":4,"Size":[0.0,0.0,595.0,841.0],"SkewAngle":0.0,"Evidence":[],"Fields":[],"Tables":[]},{"Page":5,"Size":[0.0,0.0,595.0,841.0],"SkewAngle":0.0,"Evidence":[],"Fields":[],"Tables":[]},{"Page":6,"Size":[0.0,0.0,595.0,841.0],"SkewAngle":0.0,"Evidence":[],"Fields":[],"Tables":[]},{"Page":7,"Size":[0.0,0.0,595.0,841.0],"SkewAngle":0.0,"Evidence":[],"Fields":[],"Tables":[]},{"Page":8,"Size":[0.0,0.0,595.0,841.0],"SkewAngle":0.0,"Evidence":[],"Fields":[],"Tables":[]},{"Page":9,"Size":[0.0,0.0,595.0,841.0],"SkewAngle":0.0,"Evidence":[],"Fields":[],"Tables":[]},{"Page":10,"Size":[0.0,0.0,595.0,841.0],"SkewAngle":0.0,"Evidence":[],"Fields":[],"Tables":[]},{"Page":11,"Size":[0.0,0.0,595.0,841.0],"SkewAngle":0.0,"Evidence":[],"Fields":[],"Tables":[]}],"AnchorBasedConfiguration":{"AnchorBasedFieldConfiguration":[{"FieldId":"Factura.Factura.Orange.FCH","FieldDescriptors":[{"PageIndexAtDesignTime":0,"Offset":[-5.8767,35.923,53.0624,12.4534],"Target":{"Text":"Fecha de factura:","Area":[182.31,56.69,70.34,10.99]},"Anchors":[]}]},{"FieldId":"Factura.Factura.Orange.FCH_REC","FieldDescriptors":[{"PageIndexAtDesignTime":0,"Offset":[-5.4233,46.6996,54.6868,11.912],"Target":{"Text":"Fecha de vencimiento:","Area":[194.31,56.69,91.02,10.99]},"Anchors":[]}]},{"FieldId":"Factura.Factura.Orange.NUM_FAC_PRV","FieldDescriptors":[{"PageIndexAtDesignTime":0,"Offset":[-7.7784,28.9552,95.2958,15.1607],"Target":{"Text":"Nº FACTURA:","Area":[146.31,56.69,56.12,10.99]},"Anchors":[]}]},{"FieldId":"Factura.Factura.Orange.PRV_NOM","FieldDescriptors":[{"PageIndexAtDesignTime":0,"Offset":[30.4867,-4.6878,8.8224,19.2862],"Target":{"Text":"S.A.U.","Area":[632.8,9.98,6.65,14.43]},"Anchors":[{"Text":"A-82009812","Area":[165.81,9.98,6.65,27.24]}]}]},{"FieldId":"Factura.Factura.Orange.PRV_LLOC","FieldDescriptors":[{"PageIndexAtDesignTime":0,"Offset":[-71.1306,-4.5975,9.3295,18.97],"Target":{"Text":"28223","Area":[452.7,9.98,6.65,13.9]},"Anchors":[{"Text":"Orange","Area":[671.11,9.98,6.65,16.67]}]}]},{"FieldId":"Factura.Factura.Orange.PRV_CPS","FieldDescriptors":[{"PageIndexAtDesignTime":0,"Offset":[53.8411,-5.5304,9.6405,17.726],"Target":{"Text":"Madrid.","Area":[388.54,9.98,6.65,16.67]},"Anchors":[{"Text":"Orange","Area":[671.11,9.98,6.65,16.67]}]}]},{"FieldId":"Factura.Factura.Orange.PRV_DIR","FieldDescriptors":[{"PageIndexAtDesignTime":0,"Offset":[8.5023,-7.1773,11.3127,121.6115],"Target":{"Text":"28223","Area":[452.7,9.98,6.65,13.9]},"Anchors":[{"Text":"Madrid.","Area":[388.54,9.98,6.65,16.67]},{"Text":"Orange","Area":[671.11,9.98,6.65,16.67]}]}]},{"FieldId":"Factura.Factura.Orange.FPG","FieldDescriptors":[{"PageIndexAtDesignTime":0,"Offset":[-17.734,-32.1955,100.1689,12.4534],"Target":{"Text":"Nº de cuenta:","Area":[221.24,56.69,54.97,10.99]},"Anchors":[]}]}]}}