{"DocumentTypeId":"Factura.Factura.Endesa","FormId":"f218aac6","FormName":"EndesaTemplate","OriginalFileExtension":"pdf","Pages":[{"Page":0,"Size":[0.0,0.0,595.0,842.0],"SkewAngle":0.0,"Evidence":[{"Text":"Endesa","Box":[118.93,36.82,19.67,7.57]},{"Text":"RESUMEN","Box":[190.91,60.55,45.5,11.76]},{"Text":"DATOS","Box":[11.04,325.9,31.5,11.76]},{"Text":"FACTURA","Box":[11.04,388.41,42.51,11.76]},{"Text":"INFORMACIÓN","Box":[331.81,60.55,65.02,11.76]}],"Fields":[],"Tables":[]},{"Page":1,"Size":[0.0,0.0,595.0,842.0],"SkewAngle":0.0,"Evidence":[{"Text":"DATOS","Box":[12.79,60.55,31.5,11.76]},{"Text":"DETALLE","Box":[138.54,60.55,39.5,11.76]},{"Text":"DESTINO","Box":[138.54,338.84,40.01,11.76]},{"Text":"INFORMACIÓN","Box":[237.74,338.84,50.57,9.15]},{"Text":"ELÉCTRICO","Box":[237.74,446.2,38.12,9.15]},{"Text":"PRODUCTO","Box":[350.52,436.37,50.51,11.76]}],"Fields":[],"Tables":[{"FieldId":"Factura.Factura.Endesa.LIN","Headers":[{"FieldId":"Factura.Factura.Endesa.LIN.PRE","Box":[0.0,0.0,0.0,0.0]},{"FieldId":"Factura.Factura.Endesa.LIN.CAN","Box":[0.0,0.0,0.0,0.0]},{"FieldId":"Factura.Factura.Endesa.LIN.POR_DTO","Box":[0.0,0.0,0.0,0.0]},{"FieldId":"Factura.Factura.Endesa.LIN.DSC","Box":[0.0,0.0,0.0,0.0]},{"FieldId":"Factura.Factura.Endesa.LIN.TIP_IVA","Box":[0.0,0.0,0.0,0.0]}],"Cells":[{"Row":0,"Column":0,"Box":[398.0451,97.3988,41.5835,14.4542]},{"Row":0,"Column":4,"Box":[398.0451,37.8032,59.5956,14.4542]}]}]},{"Page":2,"Size":[0.0,0.0,595.0,842.0],"SkewAngle":0.0,"Evidence":[],"Fields":[],"Tables":[]},{"Page":3,"Size":[0.0,0.0,595.0,842.0],"SkewAngle":0.0,"Evidence":[],"Fields":[],"Tables":[]}],"AnchorBasedConfiguration":{"AnchorBasedFieldConfiguration":[{"FieldId":"Factura.Factura.Endesa.FCH","FieldDescriptors":[{"PageIndexAtDesignTime":0,"Offset":[-7.4921,47.786,67.1562,14.6765],"Target":{"Text":"Fecha emisión factura:","Area":[57.25,309.37,96.01,11.67]},"Anchors":[{"Text":"Referencia:","Area":[45.75,309.37,47.52,11.67]}]}]},{"FieldId":"Factura.Factura.Endesa.FCH_REC","FieldDescriptors":[{"PageIndexAtDesignTime":0,"Offset":[-7.4255,34.2622,112.52,14.6765],"Target":{"Text":"Fecha de cargo:","Area":[80.31,309.37,67.02,11.67]},"Anchors":[{"Text":"facturación:","Area":[68.66,357.88,50.51,11.76]},{"Text":"Referencia:","Area":[45.75,309.37,47.52,11.67]}]}]},{"FieldId":"Factura.Factura.Endesa.NUM_FAC_PRV","FieldDescriptors":[{"PageIndexAtDesignTime":0,"Offset":[-7.5587,16.2903,120.5254,15.1213],"Target":{"Text":"factura:","Area":[34.19,322.17,32.0,11.67]},"Anchors":[{"Text":"Referencia:","Area":[45.75,309.37,47.52,11.67]}]}]},{"FieldId":"Factura.Factura.Endesa.PRV_CIF","FieldDescriptors":[{"PageIndexAtDesignTime":0,"Offset":[-4.5064,5.5107,33.0286,8.6633],"Target":{"Text":"CIF","Area":[126.88,36.82,9.01,7.57]},"Anchors":[{"Text":"Endesa","Area":[118.93,36.82,19.67,7.57]}]}]},{"FieldId":"Factura.Factura.Endesa.PRV_NOM","FieldDescriptors":[{"PageIndexAtDesignTime":0,"Offset":[-15.3355,-7.4842,60.6428,12.9949],"Target":{"Text":"CIF","Area":[126.88,36.82,9.01,7.57]},"Anchors":[]}]},{"FieldId":"Factura.Factura.Endesa.PRV_TLF","FieldDescriptors":[{"PageIndexAtDesignTime":1,"Offset":[4.8267,-23.8507,44.7276,11.4897],"Target":{"Text":"Atención","Area":[448.84,346.74,42.78,13.07]},"Anchors":[{"Text":"ATENCIÓN AL CLIENTE","Area":[428.09,338.84,100.53,11.76]}]}]},{"FieldId":"Factura.Factura.Endesa.PRV_EML","FieldDescriptors":[{"PageIndexAtDesignTime":1,"Offset":[22.5865,-24.0354,158.3778,9.8986],"Target":{"Text":"Atención","Area":[448.84,346.74,42.78,13.07]},"Anchors":[{"Text":"ATENCIÓN AL CLIENTE","Area":[428.09,338.84,100.53,11.76]}]}]},{"FieldId":"Factura.Factura.Endesa.PRV_LLOC","FieldDescriptors":[{"PageIndexAtDesignTime":0,"Offset":[2.5803,58.134,27.8636,11.074],"Target":{"Text":"A81948077.","Area":[126.88,47.5,32.36,7.57]},"Anchors":[{"Text":"Endesa","Area":[118.93,36.82,19.67,7.57]}]}]},{"FieldId":"Factura.Factura.Endesa.PRV_CPS","FieldDescriptors":[{"PageIndexAtDesignTime":0,"Offset":[-4.9625,-33.9945,21.4336,10.0023],"Target":{"Text":"Madrid.","Area":[134.78,124.21,20.33,7.57]},"Anchors":[{"Text":"Endesa","Area":[118.93,36.82,19.67,7.57]}]}]},{"FieldId":"Factura.Factura.Endesa.PRV_DIR","FieldDescriptors":[{"PageIndexAtDesignTime":0,"Offset":[-4.9625,-100.4385,68.9446,12.5029],"Target":{"Text":"Madrid.","Area":[134.78,124.21,20.33,7.57]},"Anchors":[{"Text":"Endesa","Area":[118.93,36.82,19.67,7.57]}]}]}]}}