{"DocumentTypeId":"Factura.Factura.Endesa","FormId":"bb612bce","FormName":"EndesaTemplateCat","OriginalFileExtension":"pdf","Pages":[{"Page":0,"Size":[0.0,0.0,595.0,842.0],"SkewAngle":-0.1,"Evidence":[{"Text":"Endesa","Box":[120.56,37.57,18.86,4.83]},{"Text":"RESUM","Box":[193.86,61.35,32.02,6.99]},{"Text":"INFORMACIÓ","Box":[329.43,61.29,57.18,8.81]},{"Text":"DADES","Box":[14.11,326.68,30.15,6.9]},{"Text":"FACTURA","Box":[14.13,388.74,41.8,6.92]}],"Fields":[],"Tables":[]},{"Page":1,"Size":[0.0,0.0,595.0,842.0],"SkewAngle":0.0,"Evidence":[{"Text":"DADES","Box":[12.79,60.55,31.0,11.76]},{"Text":"CONTRACTE","Box":[12.79,113.56,55.01,11.76]},{"Text":"DETALL","Box":[122.28,60.55,34.0,11.76]},{"Text":"DESTINACIÓ","Box":[122.28,338.84,55.01,11.76]},{"Text":"INFORMACIÓ","Box":[311.36,338.84,45.12,9.15]}],"Fields":[],"Tables":[]},{"Page":2,"Size":[0.0,0.0,595.0,842.0],"SkewAngle":-0.1,"Evidence":[],"Fields":[],"Tables":[]},{"Page":3,"Size":[0.0,0.0,595.0,842.0],"SkewAngle":-0.1,"Evidence":[],"Fields":[],"Tables":[]}],"AnchorBasedConfiguration":{"AnchorBasedFieldConfiguration":[{"FieldId":"Factura.Factura.Endesa.FCH","FieldDescriptors":[{"PageIndexAtDesignTime":0,"Offset":[-7.799,15.3945,69.6602,14.6162],"Target":{"Text":"factura:","Area":[59.97,367.32,31.31,6.99]},"Anchors":[{"Text":"Data","Area":[60.05,310.24,18.33,6.97]},{"Text":"factura:","Area":[37.07,335.62,31.48,6.99]}]}]},{"FieldId":"Factura.Factura.Endesa.FCH_REC","FieldDescriptors":[{"PageIndexAtDesignTime":0,"Offset":[-7.3893,53.4139,98.8927,14.3052],"Target":{"Text":"Data","Area":[83.25,310.29,18.33,6.88]},"Anchors":[{"Text":"facturació:","Area":[71.6,357.61,44.55,7.01]},{"Text":"factura:","Area":[37.07,335.62,31.48,6.99]}]}]},{"FieldId":"Factura.Factura.Endesa.NUM_FAC_PRV","FieldDescriptors":[{"PageIndexAtDesignTime":0,"Offset":[-10.3996,14.9782,101.0695,18.037],"Target":{"Text":"factura:","Area":[37.07,335.62,31.48,6.99]},"Anchors":[{"Text":"Referéncia:","Area":[48.4,310.26,46.33,7.1]}]}]},{"FieldId":"Factura.Factura.Endesa.PRV_CIF","FieldDescriptors":[{"PageIndexAtDesignTime":0,"Offset":[-5.3069,4.2728,33.4667,8.7202],"Target":{"Text":"CIF","Area":[128.56,37.37,8.63,4.73]},"Anchors":[{"Text":"Endesa","Area":[120.56,37.57,18.86,4.83]}]}]},{"FieldId":"Factura.Factura.Endesa.PRV_NOM","FieldDescriptors":[{"PageIndexAtDesignTime":0,"Offset":[-13.1244,-27.6808,58.9203,9.1916],"Target":{"Text":"A81948077.","Area":[128.58,47.78,31.92,4.77]},"Anchors":[]}]},{"FieldId":"Factura.Factura.Endesa.PRV_TLF","FieldDescriptors":[{"PageIndexAtDesignTime":1,"Offset":[11.0329,-75.2992,49.7573,12.4393],"Target":{"Text":"CLIENT:","Area":[540.68,117.07,34.01,11.76]},"Anchors":[{"Text":"CONSULTES,","Area":[540.68,153.58,57.52,11.76]}]}]},{"FieldId":"Factura.Factura.Endesa.PRV_EML","FieldDescriptors":[{"PageIndexAtDesignTime":1,"Offset":[12.9259,-24.3722,166.687,9.9515],"Target":{"Text":"800760909","Area":[558.69,61.25,45.04,11.76]},"Anchors":[{"Text":"CLIENT:","Area":[540.68,117.07,34.01,11.76]}]}]},{"FieldId":"Factura.Factura.Endesa.PRV_LLOC","FieldDescriptors":[{"PageIndexAtDesignTime":0,"Offset":[4.0803,59.0499,22.154,8.0132],"Target":{"Text":"A81948077.","Area":[128.58,47.78,31.92,4.77]},"Anchors":[{"Text":"Endesa","Area":[120.56,37.57,18.86,4.83]}]}]},{"FieldId":"Factura.Factura.Endesa.PRV_CPS","FieldDescriptors":[{"PageIndexAtDesignTime":0,"Offset":[-5.5544,-34.0341,20.5043,10.37],"Target":{"Text":"Madrid.","Area":[136.62,124.93,19.48,4.66]},"Anchors":[{"Text":"Endesa","Area":[120.56,37.57,18.86,4.83]}]}]},{"FieldId":"Factura.Factura.Endesa.PRV_DIR","FieldDescriptors":[{"PageIndexAtDesignTime":0,"Offset":[3.3733,-29.3305,68.1119,9.8986],"Target":{"Text":"A81948077.","Area":[128.58,47.78,31.92,4.77]},"Anchors":[{"Text":"Endesa","Area":[120.56,37.57,18.86,4.83]}]}]},{"FieldId":"Factura.Factura.Endesa.PRE","FieldDescriptors":[{"PageIndexAtDesignTime":1,"Offset":[10.7288,74.9909,22.1586,15.1828],"Target":{"Text":"SUBTOTAL","Area":[298.61,44.02,37.73,9.15]},"Anchors":[{"Text":"Total Base Imposable","Area":[307.11,44.02,71.58,9.15]}]}]},{"FieldId":"Factura.Factura.Endesa.TIP_IVA","FieldDescriptors":[{"PageIndexAtDesignTime":1,"Offset":[-6.7541,60.1174,17.6448,12.7207],"Target":{"Text":"IVA","Area":[318.59,44.02,11.67,9.08]},"Anchors":[{"Text":"SUBTOTAL","Area":[298.61,44.02,37.73,9.15]}]}]}]}}