{"DataContractVersion":"1.1","DocumentTypes":[{"DocumentTypeId":"Factura.Factura.Endesa","Group":"Factura","Category":"Factura","Name":"Endesa","OptionalUniqueIdentifier":"","TypeField":{"FieldId":"Factura.Factura.Endesa.DocumentType","FieldName":"Document Type"},"Fields":[{"FieldId":"Factura.Factura.Endesa.EMP-DIV","FieldName":"EMP_DIV","IsMultiValue":false,"Type":"Number","DeriveFieldsFormat":"","Components":[],"SetValues":[],"Metadata":[{"Key":"Color","Value":"#038a18"},{"Key":"Hotkey","Value":"e"}]},{"FieldId":"Factura.Factura.Endesa.FCH","FieldName":"FCH","IsMultiValue":false,"Type":"Date","DeriveFieldsFormat":"dd/MM/yyyy","Components":[],"SetValues":[],"Metadata":[{"Key":"Color","Value":"#fa6616"},{"Key":"Hotkey","Value":"c"}]},{"FieldId":"Factura.Factura.Endesa.FCH_REC","FieldName":"FCH_REC","IsMultiValue":false,"Type":"Date","DeriveFieldsFormat":"","Components":[],"SetValues":[],"Metadata":[{"Key":"Color","Value":"#8a97a0"},{"Key":"Hotkey","Value":"h"}]},{"FieldId":"Factura.Factura.Endesa.NUM_FAC_PRV","FieldName":"NUM_FAC_PRV","IsMultiValue":false,"Type":"Text","DeriveFieldsFormat":"","Components":[],"SetValues":[],"Metadata":[{"Key":"Color","Value":"#6eb84a"},{"Key":"Hotkey","Value":"m"}]},{"FieldId":"Factura.Factura.Endesa.DES_INT","FieldName":"DES_INT","IsMultiValue":false,"Type":"Text","DeriveFieldsFormat":"","Components":[],"SetValues":[],"Metadata":[{"Key":"Color","Value":"#e422cf"},{"Key":"Hotkey","Value":"q"}]},{"FieldId":"Factura.Factura.Endesa.PRV_CIF","FieldName":"PRV_CIF","IsMultiValue":false,"Type":"Text","DeriveFieldsFormat":"","Components":[],"SetValues":[],"Metadata":[{"Key":"Color","Value":"#939adf"},{"Key":"Hotkey","Value":"r"}]},{"FieldId":"Factura.Factura.Endesa.PRV_NOM","FieldName":"PRV_NOM","IsMultiValue":false,"Type":"Text","DeriveFieldsFormat":"","Components":[],"SetValues":[],"Metadata":[{"Key":"Color","Value":"#c227bd"},{"Key":"Hotkey","Value":"v"}]},{"FieldId":"Factura.Factura.Endesa.PRV_TLF","FieldName":"PRV_TLF","IsMultiValue":false,"Type":"Text","DeriveFieldsFormat":"","Components":[],"SetValues":[],"Metadata":[{"Key":"Color","Value":"#c47ea5"},{"Key":"Hotkey","Value":"l"}]},{"FieldId":"Factura.Factura.Endesa.PRV_EML","FieldName":"PRV_EML","IsMultiValue":false,"Type":"Text","DeriveFieldsFormat":"","Components":[],"SetValues":[],"Metadata":[{"Key":"Color","Value":"#1cc482"},{"Key":"Hotkey","Value":"w"}]},{"FieldId":"Factura.Factura.Endesa.PRV_PAI","FieldName":"PRV_PAI","IsMultiValue":false,"Type":"Text","DeriveFieldsFormat":"","Components":[],"SetValues":[],"Metadata":[{"Key":"Color","Value":"#38dcff"},{"Key":"Hotkey","Value":"a"}]},{"FieldId":"Factura.Factura.Endesa.PRV_LLOC","FieldName":"PRV_LLOC","IsMultiValue":false,"Type":"Text","DeriveFieldsFormat":"","Components":[],"SetValues":[],"Metadata":[{"Key":"Color","Value":"#95b597"},{"Key":"Hotkey","Value":"y"}]},{"FieldId":"Factura.Factura.Endesa.PRV_CPS","FieldName":"PRV_CPS","IsMultiValue":false,"Type":"Text","DeriveFieldsFormat":"","Components":[],"SetValues":[],"Metadata":[{"Key":"Color","Value":"#e0c56d"},{"Key":"Hotkey","Value":"g"}]},{"FieldId":"Factura.Factura.Endesa.PRV_DIR","FieldName":"PRV_DIR","IsMultiValue":false,"Type":"Text","DeriveFieldsFormat":"","Components":[],"SetValues":[],"Metadata":[{"Key":"Color","Value":"#6eb89f"},{"Key":"Hotkey","Value":"j"}]},{"FieldId":"Factura.Factura.Endesa.OBS","FieldName":"OBS","IsMultiValue":false,"Type":"Text","DeriveFieldsFormat":"","Components":[],"SetValues":[],"Metadata":[{"Key":"Color","Value":"#5ad5c5"},{"Key":"Hotkey","Value":"k"}]},{"FieldId":"Factura.Factura.Endesa.FPG","FieldName":"FPG","IsMultiValue":false,"Type":"Number","DeriveFieldsFormat":"","Components":[],"SetValues":[],"Metadata":[{"Key":"Color","Value":"#76a077"},{"Key":"Hotkey","Value":"z"}]},{"FieldId":"Factura.Factura.Endesa.POR_DTO","FieldName":"POR_DTO","IsMultiValue":false,"Type":"Number","DeriveFieldsFormat":"","Components":[],"SetValues":[],"Metadata":[{"Key":"Color","Value":"#d9a385"},{"Key":"Hotkey","Value":"x"}]},{"FieldId":"Factura.Factura.Endesa.PDF_URL","FieldName":"PDF_URL","IsMultiValue":false,"Type":"Text","DeriveFieldsFormat":"","Components":[],"SetValues":[],"Metadata":[{"Key":"Color","Value":"#44b4ff"},{"Key":"Hotkey","Value":"1"}]},{"FieldId":"Factura.Factura.Endesa.PDF_NOM","FieldName":"PDF_NOM","IsMultiValue":false,"Type":"Text","DeriveFieldsFormat":"","Components":[],"SetValues":[],"Metadata":[{"Key":"Color","Value":"#4cbde8"},{"Key":"Hotkey","Value":"2"}]},{"FieldId":"Factura.Factura.Endesa.APL_RET_IRP","FieldName":"APL_RET_IRP","IsMultiValue":false,"Type":"Text","DeriveFieldsFormat":"","Components":[],"SetValues":[],"Metadata":[{"Key":"Color","Value":"#e66b95"},{"Key":"Hotkey","Value":"3"}]},{"FieldId":"Factura.Factura.Endesa.LIN","FieldName":"LIN","IsMultiValue":false,"Type":"Table","DeriveFieldsFormat":"","Components":[{"FieldId":"Factura.Factura.Endesa.LIN.PRE","FieldName":"PRE","IsMultiValue":false,"Type":"Number","DeriveFieldsFormat":"","Components":[],"SetValues":[],"Metadata":[]},{"FieldId":"Factura.Factura.Endesa.LIN.CAN","FieldName":"CAN","IsMultiValue":false,"Type":"Number","DeriveFieldsFormat":"","Components":[],"SetValues":[],"Metadata":[]},{"FieldId":"Factura.Factura.Endesa.LIN.POR_DTO","FieldName":"POR_DTO","IsMultiValue":false,"Type":"Number","DeriveFieldsFormat":"","Components":[],"SetValues":[],"Metadata":[]},{"FieldId":"Factura.Factura.Endesa.LIN.DSC","FieldName":"DSC","IsMultiValue":false,"Type":"Text","DeriveFieldsFormat":"","Components":[],"SetValues":[],"Metadata":[]},{"FieldId":"Factura.Factura.Endesa.LIN.TIP_IVA","FieldName":"TIP_IVA","IsMultiValue":false,"Type":"Number","DeriveFieldsFormat":"","Components":[],"SetValues":[],"Metadata":[]}],"SetValues":[],"Metadata":[{"Key":"Color","Value":"#89a4db"},{"Key":"Hotkey","Value":"8"}]}]},{"DocumentTypeId":"Factura.Factura.Yoigo","Group":"Factura","Category":"Factura","Name":"Yoigo","OptionalUniqueIdentifier":"","TypeField":{"FieldId":"Factura.Factura.Yoigo.DocumentType","FieldName":"Document Type"},"Fields":[{"FieldId":"Factura.Factura.Yoigo.EMP-DIV","FieldName":"EMP_DIV","IsMultiValue":false,"Type":"Number","DeriveFieldsFormat":"","Components":[],"SetValues":[],"Metadata":[{"Key":"Color","Value":"#038a18"},{"Key":"Hotkey","Value":"e"}]},{"FieldId":"Factura.Factura.Yoigo.FCH","FieldName":"FCH","IsMultiValue":false,"Type":"Date","DeriveFieldsFormat":"dd.MM.yyyy","Components":[],"SetValues":[],"Metadata":[{"Key":"Color","Value":"#fa6616"},{"Key":"Hotkey","Value":"c"}]},{"FieldId":"Factura.Factura.Yoigo.FCH_REC","FieldName":"FCH_REC","IsMultiValue":false,"Type":"Date","DeriveFieldsFormat":"","Components":[],"SetValues":[],"Metadata":[{"Key":"Color","Value":"#8a97a0"},{"Key":"Hotkey","Value":"h"}]},{"FieldId":"Factura.Factura.Yoigo.NUM_FAC_PRV","FieldName":"NUM_FAC_PRV","IsMultiValue":false,"Type":"Text","DeriveFieldsFormat":"","Components":[],"SetValues":[],"Metadata":[{"Key":"Color","Value":"#6eb84a"},{"Key":"Hotkey","Value":"m"}]},{"FieldId":"Factura.Factura.Yoigo.DES_INT","FieldName":"DES_INT","IsMultiValue":false,"Type":"Text","DeriveFieldsFormat":"","Components":[],"SetValues":[],"Metadata":[{"Key":"Color","Value":"#e422cf"},{"Key":"Hotkey","Value":"q"}]},{"FieldId":"Factura.Factura.Yoigo.PRV_CIF","FieldName":"PRV_CIF","IsMultiValue":false,"Type":"Text","DeriveFieldsFormat":"","Components":[],"SetValues":[],"Metadata":[{"Key":"Color","Value":"#939adf"},{"Key":"Hotkey","Value":"r"}]},{"FieldId":"Factura.Factura.Yoigo.PRV_NOM","FieldName":"PRV_NOM","IsMultiValue":false,"Type":"Text","DeriveFieldsFormat":"","Components":[],"SetValues":[],"Metadata":[{"Key":"Color","Value":"#c227bd"},{"Key":"Hotkey","Value":"v"}]},{"FieldId":"Factura.Factura.Yoigo.PRV_TLF","FieldName":"PRV_TLF","IsMultiValue":false,"Type":"Text","DeriveFieldsFormat":"","Components":[],"SetValues":[],"Metadata":[{"Key":"Color","Value":"#c47ea5"},{"Key":"Hotkey","Value":"l"}]},{"FieldId":"Factura.Factura.Yoigo.PRV_EML","FieldName":"PRV_EML","IsMultiValue":false,"Type":"Text","DeriveFieldsFormat":"","Components":[],"SetValues":[],"Metadata":[{"Key":"Color","Value":"#1cc482"},{"Key":"Hotkey","Value":"w"}]},{"FieldId":"Factura.Factura.Yoigo.PRV_PAI","FieldName":"PRV_PAI","IsMultiValue":false,"Type":"Text","DeriveFieldsFormat":"","Components":[],"SetValues":[],"Metadata":[{"Key":"Color","Value":"#38dcff"},{"Key":"Hotkey","Value":"a"}]},{"FieldId":"Factura.Factura.Yoigo.PRV_LLOC","FieldName":"PRV_LLOC","IsMultiValue":false,"Type":"Text","DeriveFieldsFormat":"","Components":[],"SetValues":[],"Metadata":[{"Key":"Color","Value":"#95b597"},{"Key":"Hotkey","Value":"y"}]},{"FieldId":"Factura.Factura.Yoigo.PRV_CPS","FieldName":"PRV_CPS","IsMultiValue":false,"Type":"Text","DeriveFieldsFormat":"","Components":[],"SetValues":[],"Metadata":[{"Key":"Color","Value":"#e0c56d"},{"Key":"Hotkey","Value":"g"}]},{"FieldId":"Factura.Factura.Yoigo.PRV_DIR","FieldName":"PRV_DIR","IsMultiValue":false,"Type":"Text","DeriveFieldsFormat":"","Components":[],"SetValues":[],"Metadata":[{"Key":"Color","Value":"#6eb89f"},{"Key":"Hotkey","Value":"j"}]},{"FieldId":"Factura.Factura.Yoigo.OBS","FieldName":"OBS","IsMultiValue":false,"Type":"Text","DeriveFieldsFormat":"","Components":[],"SetValues":[],"Metadata":[{"Key":"Color","Value":"#5ad5c5"},{"Key":"Hotkey","Value":"k"}]},{"FieldId":"Factura.Factura.Yoigo.FPG","FieldName":"FPG","IsMultiValue":false,"Type":"Number","DeriveFieldsFormat":"","Components":[],"SetValues":[],"Metadata":[{"Key":"Color","Value":"#76a077"},{"Key":"Hotkey","Value":"z"}]},{"FieldId":"Factura.Factura.Yoigo.POR_DTO","FieldName":"POR_DTO","IsMultiValue":false,"Type":"Number","DeriveFieldsFormat":"","Components":[],"SetValues":[],"Metadata":[{"Key":"Color","Value":"#d9a385"},{"Key":"Hotkey","Value":"x"}]},{"FieldId":"Factura.Factura.Yoigo.PDF_URL","FieldName":"PDF_URL","IsMultiValue":false,"Type":"Text","DeriveFieldsFormat":"","Components":[],"SetValues":[],"Metadata":[{"Key":"Color","Value":"#44b4ff"},{"Key":"Hotkey","Value":"1"}]},{"FieldId":"Factura.Factura.Yoigo.PDF_NOM","FieldName":"PDF_NOM","IsMultiValue":false,"Type":"Text","DeriveFieldsFormat":"","Components":[],"SetValues":[],"Metadata":[{"Key":"Color","Value":"#4cbde8"},{"Key":"Hotkey","Value":"2"}]},{"FieldId":"Factura.Factura.Yoigo.APL_RET_IRP","FieldName":"APL_RET_IRP","IsMultiValue":false,"Type":"Text","DeriveFieldsFormat":"","Components":[],"SetValues":[],"Metadata":[{"Key":"Color","Value":"#e66b95"},{"Key":"Hotkey","Value":"3"}]},{"FieldId":"Factura.Factura.Yoigo.LIN","FieldName":"LIN","IsMultiValue":false,"Type":"Table","DeriveFieldsFormat":"","Components":[{"FieldId":"Factura.Factura.Yoigo.LIN.PRE","FieldName":"PRE","IsMultiValue":false,"Type":"Number","DeriveFieldsFormat":"","Components":[],"SetValues":[],"Metadata":[]},{"FieldId":"Factura.Factura.Yoigo.LIN.CAN","FieldName":"CAN","IsMultiValue":false,"Type":"Number","DeriveFieldsFormat":"","Components":[],"SetValues":[],"Metadata":[]},{"FieldId":"Factura.Factura.Yoigo.LIN.POR_DTO","FieldName":"POR_DTO","IsMultiValue":false,"Type":"Number","DeriveFieldsFormat":"","Components":[],"SetValues":[],"Metadata":[]},{"FieldId":"Factura.Factura.Yoigo.LIN.DSC","FieldName":"DSC","IsMultiValue":false,"Type":"Text","DeriveFieldsFormat":"","Components":[],"SetValues":[],"Metadata":[]},{"FieldId":"Factura.Factura.Yoigo.LIN.TIP_IVA","FieldName":"TIP_IVA","IsMultiValue":false,"Type":"Text","DeriveFieldsFormat":"","Components":[],"SetValues":[],"Metadata":[]}],"SetValues":[],"Metadata":[{"Key":"Color","Value":"#f3bd22"},{"Key":"Hotkey","Value":"8"}]}]},{"DocumentTypeId":"Factura.Factura.Amazon","Group":"Factura","Category":"Factura","Name":"Amazon","OptionalUniqueIdentifier":"","TypeField":{"FieldId":"Factura.Factura.Amazon.DocumentType","FieldName":"Document Type"},"Fields":[{"FieldId":"Factura.Factura.Amazon.EMP-DIV","FieldName":"EMP_DIV","IsMultiValue":false,"Type":"Number","DeriveFieldsFormat":"","Components":[],"SetValues":[],"Metadata":[{"Key":"Color","Value":"#038a18"},{"Key":"Hotkey","Value":"e"}]},{"FieldId":"Factura.Factura.Amazon.FCH","FieldName":"FCH","IsMultiValue":false,"Type":"Date","DeriveFieldsFormat":"dd/MM/yyyy","Components":[],"SetValues":[],"Metadata":[{"Key":"Color","Value":"#fa6616"},{"Key":"Hotkey","Value":"c"}]},{"FieldId":"Factura.Factura.Amazon.FCH_REC","FieldName":"FCH_REC","IsMultiValue":false,"Type":"Date","DeriveFieldsFormat":"dd/MM/yyyy","Components":[],"SetValues":[],"Metadata":[{"Key":"Color","Value":"#8a97a0"},{"Key":"Hotkey","Value":"h"}]},{"FieldId":"Factura.Factura.Amazon.NUM_FAC_PRV","FieldName":"NUM_FAC_PRV","IsMultiValue":false,"Type":"Text","DeriveFieldsFormat":"","Components":[],"SetValues":[],"Metadata":[{"Key":"Color","Value":"#6eb84a"},{"Key":"Hotkey","Value":"m"}]},{"FieldId":"Factura.Factura.Amazon.DES_INT","FieldName":"DES_INT","IsMultiValue":false,"Type":"Text","DeriveFieldsFormat":"","Components":[],"SetValues":[],"Metadata":[{"Key":"Color","Value":"#e422cf"},{"Key":"Hotkey","Value":"q"}]},{"FieldId":"Factura.Factura.Amazon.PRV_CIF","FieldName":"PRV_CIF","IsMultiValue":false,"Type":"Text","DeriveFieldsFormat":"","Components":[],"SetValues":[],"Metadata":[{"Key":"Color","Value":"#939adf"},{"Key":"Hotkey","Value":"r"}]},{"FieldId":"Factura.Factura.Amazon.PRV_NOM","FieldName":"PRV_NOM","IsMultiValue":false,"Type":"Text","DeriveFieldsFormat":"","Components":[],"SetValues":[],"Metadata":[{"Key":"Color","Value":"#c227bd"},{"Key":"Hotkey","Value":"v"}]},{"FieldId":"Factura.Factura.Amazon.PRV_TLF","FieldName":"PRV_TLF","IsMultiValue":false,"Type":"Text","DeriveFieldsFormat":"","Components":[],"SetValues":[],"Metadata":[{"Key":"Color","Value":"#c47ea5"},{"Key":"Hotkey","Value":"l"}]},{"FieldId":"Factura.Factura.Amazon.PRV_EML","FieldName":"PRV_EML","IsMultiValue":false,"Type":"Text","DeriveFieldsFormat":"","Components":[],"SetValues":[],"Metadata":[{"Key":"Color","Value":"#1cc482"},{"Key":"Hotkey","Value":"w"}]},{"FieldId":"Factura.Factura.Amazon.PRV_PAI","FieldName":"PRV_PAI","IsMultiValue":false,"Type":"Text","DeriveFieldsFormat":"","Components":[],"SetValues":[],"Metadata":[{"Key":"Color","Value":"#38dcff"},{"Key":"Hotkey","Value":"a"}]},{"FieldId":"Factura.Factura.Amazon.PRV_LLOC","FieldName":"PRV_LLOC","IsMultiValue":false,"Type":"Text","DeriveFieldsFormat":"","Components":[],"SetValues":[],"Metadata":[{"Key":"Color","Value":"#95b597"},{"Key":"Hotkey","Value":"y"}]},{"FieldId":"Factura.Factura.Amazon.PRV_CPS","FieldName":"PRV_CPS","IsMultiValue":false,"Type":"Number","DeriveFieldsFormat":"","Components":[],"SetValues":[],"Metadata":[{"Key":"Color","Value":"#e0c56d"},{"Key":"Hotkey","Value":"g"}]},{"FieldId":"Factura.Factura.Amazon.PRV_DIR","FieldName":"PRV_DIR","IsMultiValue":false,"Type":"Text","DeriveFieldsFormat":"","Components":[],"SetValues":[],"Metadata":[{"Key":"Color","Value":"#6eb89f"},{"Key":"Hotkey","Value":"j"}]},{"FieldId":"Factura.Factura.Amazon.OBS","FieldName":"OBS","IsMultiValue":false,"Type":"Text","DeriveFieldsFormat":"","Components":[],"SetValues":[],"Metadata":[{"Key":"Color","Value":"#5ad5c5"},{"Key":"Hotkey","Value":"k"}]},{"FieldId":"Factura.Factura.Amazon.FPG","FieldName":"FPG","IsMultiValue":false,"Type":"Number","DeriveFieldsFormat":"","Components":[],"SetValues":[],"Metadata":[{"Key":"Color","Value":"#76a077"},{"Key":"Hotkey","Value":"z"}]},{"FieldId":"Factura.Factura.Amazon.POR_DTO","FieldName":"POR_DTO","IsMultiValue":false,"Type":"Number","DeriveFieldsFormat":"","Components":[],"SetValues":[],"Metadata":[{"Key":"Color","Value":"#d9a385"},{"Key":"Hotkey","Value":"x"}]},{"FieldId":"Factura.Factura.Amazon.PDF_URL","FieldName":"PDF_URL","IsMultiValue":false,"Type":"Text","DeriveFieldsFormat":"","Components":[],"SetValues":[],"Metadata":[{"Key":"Color","Value":"#44b4ff"},{"Key":"Hotkey","Value":"1"}]},{"FieldId":"Factura.Factura.Amazon.PDF_NOM","FieldName":"PDF_NOM","IsMultiValue":false,"Type":"Text","DeriveFieldsFormat":"","Components":[],"SetValues":[],"Metadata":[{"Key":"Color","Value":"#4cbde8"},{"Key":"Hotkey","Value":"2"}]},{"FieldId":"Factura.Factura.Amazon.APL_RET_IRP","FieldName":"APL_RET_IRP","IsMultiValue":false,"Type":"Text","DeriveFieldsFormat":"","Components":[],"SetValues":[],"Metadata":[{"Key":"Color","Value":"#e66b95"},{"Key":"Hotkey","Value":"3"}]},{"FieldId":"Factura.Factura.Amazon.LIN","FieldName":"LIN","IsMultiValue":false,"Type":"Table","DeriveFieldsFormat":"","Components":[{"FieldId":"Factura.Factura.Amazon.LIN.PRE","FieldName":"PRE","IsMultiValue":false,"Type":"Number","DeriveFieldsFormat":"","Components":[],"SetValues":[],"Metadata":[]},{"FieldId":"Factura.Factura.Amazon.LIN.CAN","FieldName":"CAN","IsMultiValue":false,"Type":"Number","DeriveFieldsFormat":"","Components":[],"SetValues":[],"Metadata":[]},{"FieldId":"Factura.Factura.Amazon.LIN.POR_DTO","FieldName":"POR_DTO","IsMultiValue":false,"Type":"Number","DeriveFieldsFormat":"","Components":[],"SetValues":[],"Metadata":[]},{"FieldId":"Factura.Factura.Amazon.LIN.DSC","FieldName":"DSC","IsMultiValue":false,"Type":"Text","DeriveFieldsFormat":"","Components":[],"SetValues":[],"Metadata":[]},{"FieldId":"Factura.Factura.Amazon.LIN.TIP_IVA","FieldName":"TIP_IVA","IsMultiValue":false,"Type":"Number","DeriveFieldsFormat":"","Components":[],"SetValues":[],"Metadata":[]},{"FieldId":"Factura.Factura.Amazon.LIN.APL_RET_IRP","FieldName":"APL_RET_IRP","IsMultiValue":false,"Type":"Number","DeriveFieldsFormat":"","Components":[],"SetValues":[],"Metadata":[]}],"SetValues":[],"Metadata":[{"Key":"Color","Value":"#cb926e"},{"Key":"Hotkey","Value":"4"}]}]}],"Groups":[{"Name":"Factura","Categories":["Factura"]}],"SupportedLanguages":[{"Name":"Undetermined Language","Code":"und"},{"Name":"Bulgarian","Code":"bul"},{"Name":"Cantonese","Code":"yue"},{"Name":"Danish","Code":"dan"},{"Name":"Dutch","Code":"nld"},{"Name":"English","Code":"eng"},{"Name":"French","Code":"fra"},{"Name":"Georgian","Code":"kat"},{"Name":"German","Code":"deu"},{"Name":"Greek","Code":"ell"},{"Name":"Hebrew","Code":"heb"},{"Name":"Hindi","Code":"hin"},{"Name":"Italian","Code":"ita"},{"Name":"Japanese","Code":"jpn"},{"Name":"Korean","Code":"kor"},{"Name":"Macedonian","Code":"mkd"},{"Name":"Mandarin","Code":"zho"},{"Name":"Marathi","Code":"mar"},{"Name":"Norwegian","Code":"nor"},{"Name":"Polish","Code":"pol"},{"Name":"Portuguese","Code":"por"},{"Name":"Romanian","Code":"ron"},{"Name":"Russian","Code":"rus"},{"Name":"Serbian","Code":"srp"},{"Name":"Spanish","Code":"spa"},{"Name":"Swedish","Code":"swe"},{"Name":"Telugu","Code":"tel"},{"Name":"Turkish","Code":"tur"}]}