{"DocumentTypeId":"Factura.Factura.Endesa","FormId":"29d807e0","FormName":"edn1","OriginalFileExtension":"pdf","Pages":[{"Page":0,"Size":[0.0,0.0,595.0,842.0],"SkewAngle":0.0,"Evidence":[{"Text":"RESUMEN","Box":[190.91,60.55,45.5,11.76]},{"Text":"DATOS","Box":[11.04,325.9,31.5,11.76]},{"Text":"Periodo","Box":[68.66,309.37,33.0,11.76]},{"Text":"Total","Box":[294.55,46.76,22.01,11.76]},{"Text":"INFORMACIÓN","Box":[331.81,60.55,65.02,11.76]}],"Fields":[],"Tables":[{"FieldId":"Factura.Factura.Endesa.LIN","Headers":[{"FieldId":"Factura.Factura.Endesa.LIN.PRE","Box":[0.0,0.0,0.0,0.0]},{"FieldId":"Factura.Factura.Endesa.LIN.CAN","Box":[0.0,0.0,0.0,0.0]},{"FieldId":"Factura.Factura.Endesa.LIN.POR_DTO","Box":[0.0,0.0,0.0,0.0]},{"FieldId":"Factura.Factura.Endesa.LIN.DSC","Box":[0.0,0.0,0.0,0.0]},{"FieldId":"Factura.Factura.Endesa.LIN.TIP_IVA","Box":[0.0,0.0,0.0,0.0]}],"Cells":[{"Row":0,"Column":0,"Box":[205.3721,232.9593,48.5332,21.4568]},{"Row":0,"Column":3,"Box":[205.3721,35.7613,197.198,21.4568]},{"Row":1,"Column":0,"Box":[226.8288,232.9593,48.5332,12.261]},{"Row":1,"Column":3,"Box":[226.8288,35.7613,197.198,12.261]},{"Row":2,"Column":2,"Box":[238.8207,219.9448,60.731,11.9]},{"Row":2,"Column":3,"Box":[237.1793,35.2897,184.6552,13.131]},{"Row":3,"Column":0,"Box":[251.3509,232.9593,48.5332,11.2393]},{"Row":3,"Column":3,"Box":[251.3509,35.7613,197.198,11.2393]},{"Row":4,"Column":0,"Box":[262.5901,232.9593,48.5332,13.7936]},{"Row":4,"Column":3,"Box":[262.5901,35.7613,197.198,13.7936]}]}]},{"Page":1,"Size":[0.0,0.0,595.0,842.0],"SkewAngle":0.0,"Evidence":[{"Text":"DATOS","Box":[12.79,60.55,31.5,11.76]},{"Text":"Titular","Box":[35.46,45.47,24.9,10.46]},{"Text":"DETALLE","Box":[138.54,60.55,39.5,11.76]},{"Text":"DESTINO","Box":[138.54,338.84,40.01,11.76]},{"Text":"Potencia","Box":[158.75,40.42,29.18,8.7]}],"Fields":[],"Tables":[]}],"AnchorBasedConfiguration":{"AnchorBasedFieldConfiguration":[{"FieldId":"Factura.Factura.Endesa.FCH","FieldDescriptors":[{"PageIndexAtDesignTime":0,"Offset":[-6.0471,48.8664,57.4483,13.131],"Target":{"Text":"Fecha emisión factura:","Area":[57.25,309.37,96.01,11.67]},"Anchors":[{"Text":"DATOS DE LA FACTURA","Area":[11.04,325.9,105.02,11.76]}]}]},{"FieldId":"Factura.Factura.Endesa.FCH_REC","FieldDescriptors":[{"PageIndexAtDesignTime":0,"Offset":[-6.5381,35.4579,98.8931,14.7724],"Target":{"Text":"Fecha de cargo:","Area":[80.31,309.37,67.02,11.67]},"Anchors":[{"Text":"DATOS DE LA FACTURA","Area":[11.04,325.9,105.02,11.76]}]}]},{"FieldId":"Factura.Factura.Endesa.NUM_FAC_PRV","FieldDescriptors":[{"PageIndexAtDesignTime":0,"Offset":[-7.6078,23.999,86.1724,16.0034],"Target":{"Text":"Nº factura:","Area":[34.19,309.37,44.8,11.67]},"Anchors":[{"Text":"DATOS DE LA FACTURA","Area":[11.04,325.9,105.02,11.76]}]}]},{"FieldId":"Factura.Factura.Endesa.PRV_CIF","FieldDescriptors":[{"PageIndexAtDesignTime":0,"Offset":[-43.3791,-3.6707,9.4272,36.5306],"Target":{"Text":"CIF","Area":[511.99,14.45,9.08,10.51]},"Anchors":[{"Text":"Endesa","Area":[608.16,6.01,9.08,24.12]}]}]},{"FieldId":"Factura.Factura.Endesa.PRV_NOM","FieldDescriptors":[{"PageIndexAtDesignTime":0,"Offset":[22.0594,-5.9476,10.8291,75.262],"Target":{"Text":"Unipersonal.","Area":[519.08,6.01,9.08,42.4]},"Anchors":[{"Text":"A81948077.","Area":[471.91,14.45,9.08,38.14]}]}]},{"FieldId":"Factura.Factura.Endesa.PRV_TLF","FieldDescriptors":[{"PageIndexAtDesignTime":1,"Offset":[-4.773,-68.1792,44.296,10.7168],"Target":{"Text":"(tlf. gratuito)","Area":[459.69,388.99,47.11,10.38]},"Anchors":[{"Text":"Atención","Area":[448.84,346.74,42.78,13.07]},{"Text":"ATENCIÓN AL CLIENTE","Area":[428.09,338.84,100.53,11.76]}]}]},{"FieldId":"Factura.Factura.Endesa.PRV_EML","FieldDescriptors":[{"PageIndexAtDesignTime":1,"Offset":[21.1644,-25.1931,149.6777,11.7885],"Target":{"Text":"Atención","Area":[448.84,346.74,42.78,13.07]},"Anchors":[{"Text":"ATENCIÓN AL CLIENTE","Area":[428.09,338.84,100.53,11.76]}]}]},{"FieldId":"Factura.Factura.Endesa.PRV_LLOC","FieldDescriptors":[{"PageIndexAtDesignTime":1,"Offset":[-5.32,11.7892,30.007,11.4312],"Target":{"Text":"28042","Area":[485.6,434.34,22.24,10.38]},"Anchors":[]}]},{"FieldId":"Factura.Factura.Endesa.PRV_CPS","FieldDescriptors":[{"PageIndexAtDesignTime":1,"Offset":[-4.6055,-39.3972,25.7203,9.2879],"Target":{"Text":"Madrid","Area":[485.6,458.8,27.11,10.38]},"Anchors":[]}]},{"FieldId":"Factura.Factura.Endesa.PRV_DIR","FieldDescriptors":[{"PageIndexAtDesignTime":1,"Offset":[-3.8911,-102.1659,85.0198,11.7885],"Target":{"Text":"28042","Area":[485.6,434.34,22.24,10.38]},"Anchors":[{"Text":"Madrid","Area":[485.6,458.8,27.11,10.38]}]}]},{"FieldId":"Factura.Factura.Endesa.APL_RET_IRP","FieldDescriptors":[{"PageIndexAtDesignTime":1,"Offset":[-5.2378,29.6629,18.6801,11.0998],"Target":{"Text":"IVA","Area":[363.12,44.02,11.28,8.7]},"Anchors":[{"Text":"Impuestos","Area":[346.02,40.42,35.01,8.7]}]}]}]}}