{"DocumentId":"01221D01567512","ContentType":"application/pdf","Length":2010,"Pages":[{"PageIndex":0,"Size":[0.0,0.0,516.0,807.0],"Sections":[{"IndexInText":0,"Language":"ron","Length":7,"Rotation":"None","SkewAngle":0.0,"Type":"Paragraph","WordGroups":[{"IndexInText":0,"Length":7,"Type":"Heading","Words":[{"Box":[53.07,34.02,50.64,0.07],"Polygon":[34.02,53.07,84.66,53.07,84.66,53.15,34.02,53.15],"IndexInText":0,"OcrConfidence":1.0,"Text":"TITULAR","VisualLineNumber":0,"TextType":"Text"}]}]},{"IndexInText":9,"Language":"und","Length":4,"Rotation":"None","SkewAngle":0.0,"Type":"Paragraph","WordGroups":[{"IndexInText":9,"Length":4,"Type":"Heading","Words":[{"Box":[69.14,34.02,25.3,0.07],"Polygon":[34.02,69.14,59.31,69.14,59.31,69.2,34.02,69.2],"IndexInText":9,"OcrConfidence":1.0,"Text":"AIDA","VisualLineNumber":1,"TextType":"Text"}]}]},{"IndexInText":15,"Language":"por","Length":13,"Rotation":"None","SkewAngle":0.0,"Type":"Paragraph","WordGroups":[{"IndexInText":15,"Length":13,"Type":"Other","Words":[{"Box":[71.98,448.47,16.2,0.03],"Polygon":[448.47,71.98,464.66,71.98,464.66,72.01,448.47,72.01],"IndexInText":15,"OcrConfidence":1.0,"Text":"Página","VisualLineNumber":2,"TextType":"Text"},{"Box":[71.98,466.34,3.36,0.03],"Polygon":[466.34,71.98,469.7,71.98,469.7,72.01,466.34,72.01],"IndexInText":22,"OcrConfidence":1.0,"Text":"1","VisualLineNumber":2,"TextType":"Text"},{"Box":[71.98,471.38,5.81,0.03],"Polygon":[471.38,71.98,477.19,71.98,477.19,72.01,471.38,72.01],"IndexInText":24,"OcrConfidence":1.0,"Text":"de","VisualLineNumber":2,"TextType":"Text"},{"Box":[71.98,478.86,3.36,0.03],"Polygon":[478.86,71.98,482.22,71.98,482.22,72.01,478.86,72.01],"IndexInText":27,"OcrConfidence":1.0,"Text":"2","VisualLineNumber":2,"TextType":"Text"}]}]},{"IndexInText":30,"Language":"ron","Length":10,"Rotation":"None","SkewAngle":0.0,"Type":"Paragraph","WordGroups":[{"IndexInText":30,"Length":10,"Type":"Heading","Words":[{"Box":[85.97,34.02,55.01,0.07],"Polygon":[34.02,85.97,89.02,85.97,89.02,86.05,34.02,86.05],"IndexInText":30,"OcrConfidence":1.0,"Text":"FACTURA","VisualLineNumber":3,"TextType":"Text"},{"Box":[85.97,93.11,15.52,0.07],"Polygon":[93.11,85.97,108.63,85.97,108.63,86.05,93.11,86.05],"IndexInText":38,"OcrConfidence":1.0,"Text":"DE","VisualLineNumber":3,"TextType":"Text"}]}]},{"IndexInText":42,"Language":"spa","Length":15,"Rotation":"None","SkewAngle":0.0,"Type":"Paragraph","WordGroups":[{"IndexInText":42,"Length":15,"Type":"Heading","Words":[{"Box":[102.04,34.02,62.87,0.07],"Polygon":[34.02,102.04,96.88,102.04,96.88,102.1,34.02,102.1],"IndexInText":42,"OcrConfidence":1.0,"Text":"DICIEMBRE,","VisualLineNumber":4,"TextType":"Text"},{"Box":[102.04,100.5,28.91,0.07],"Polygon":[100.5,102.04,129.41,102.04,129.41,102.1,100.5,102.1],"IndexInText":53,"OcrConfidence":1.0,"Text":"2021","VisualLineNumber":4,"TextType":"Text"}]}]},{"IndexInText":59,"Language":"por","Length":13,"Rotation":"None","SkewAngle":0.0,"Type":"Paragraph","WordGroups":[{"IndexInText":59,"Length":13,"Type":"Heading","Words":[{"Box":[122.84,34.02,54.74,0.07],"Polygon":[34.02,122.84,88.76,122.84,88.76,122.91,34.02,122.91],"IndexInText":59,"OcrConfidence":1.0,"Text":"IMPORTE","VisualLineNumber":5,"TextType":"Text"},{"Box":[122.84,92.85,37.03,0.07],"Polygon":[92.85,122.84,129.87,122.84,129.87,122.91,92.85,122.91],"IndexInText":67,"OcrConfidence":1.0,"Text":"TOTAL","VisualLineNumber":5,"TextType":"Text"}]}]},{"IndexInText":74,"Language":"tur","Length":7,"Rotation":"None","SkewAngle":0.0,"Type":"Paragraph","WordGroups":[{"IndexInText":74,"Length":7,"Type":"Other","Words":[{"Box":[150.75,34.02,73.81,0.15],"Polygon":[34.02,150.75,107.82,150.75,107.82,150.9,34.02,150.9],"IndexInText":74,"OcrConfidence":1.0,"Text":"47,00","VisualLineNumber":6,"TextType":"Text"},{"Box":[150.75,116.03,16.4,0.15],"Polygon":[116.03,150.75,132.43,150.75,132.43,150.9,116.03,150.9],"IndexInText":80,"OcrConfidence":1.0,"Text":"€","VisualLineNumber":6,"TextType":"Text"}]}]},{"IndexInText":83,"Language":"ita","Length":20,"Rotation":"None","SkewAngle":0.0,"Type":"Paragraph","WordGroups":[{"IndexInText":83,"Length":20,"Type":"Other","Words":[{"Box":[153.04,272.29,15.55,0.04],"Polygon":[272.29,153.04,287.85,153.04,287.85,153.08,272.29,153.08],"IndexInText":83,"OcrConfidence":1.0,"Text":"AIDA","VisualLineNumber":7,"TextType":"Text"},{"Box":[153.04,289.98,39.68,0.04],"Polygon":[289.98,153.04,329.66,153.04,329.66,153.08,289.98,153.08],"IndexInText":88,"OcrConfidence":1.0,"Text":"CARBONELL","VisualLineNumber":7,"TextType":"Text"},{"Box":[153.04,331.79,21.78,0.04],"Polygon":[331.79,153.04,353.57,153.04,353.57,153.08,331.79,153.08],"IndexInText":98,"OcrConfidence":1.0,"Text":"NIUBÓ","VisualLineNumber":7,"TextType":"Text"}]}]},{"IndexInText":105,"Language":"spa","Length":28,"Rotation":"None","SkewAngle":0.0,"Type":"Paragraph","WordGroups":[{"IndexInText":105,"Length":28,"Type":"Sentence","Words":[{"Box":[163.59,34.02,6.75,0.04],"Polygon":[34.02,163.59,40.76,163.59,40.76,163.63,34.02,163.63],"IndexInText":105,"OcrConfidence":1.0,"Text":"Te","VisualLineNumber":9,"TextType":"Text"},{"Box":[163.59,42.9,5.45,0.04],"Polygon":[42.9,163.59,48.34,163.59,48.34,163.63,42.9,163.63],"IndexInText":108,"OcrConfidence":1.0,"Text":"lo","VisualLineNumber":9,"TextType":"Text"},{"Box":[163.59,50.48,28.77,0.04],"Polygon":[50.48,163.59,79.25,163.59,79.25,163.63,50.48,163.63],"IndexInText":111,"OcrConfidence":1.0,"Text":"cargamos","VisualLineNumber":9,"TextType":"Text"},{"Box":[163.59,81.38,7.39,0.04],"Polygon":[81.38,163.59,88.78,163.59,88.78,163.63,81.38,163.63],"IndexInText":120,"OcrConfidence":1.0,"Text":"en","VisualLineNumber":9,"TextType":"Text"},{"Box":[163.59,90.91,6.22,0.04],"Polygon":[90.91,163.59,97.13,163.59,97.13,163.63,90.91,163.63],"IndexInText":123,"OcrConfidence":1.0,"Text":"tu","VisualLineNumber":9,"TextType":"Text"},{"Box":[163.59,99.27,22.75,0.04],"Polygon":[99.27,163.59,122.02,163.59,122.02,163.63,99.27,163.63],"IndexInText":126,"OcrConfidence":1.0,"Text":"cuenta.","VisualLineNumber":9,"TextType":"Text"}]}]},{"IndexInText":135,"Language":"eng","Length":27,"Rotation":"None","SkewAngle":0.0,"Type":"Paragraph","WordGroups":[{"IndexInText":135,"Length":27,"Type":"Other","Words":[{"Box":[163.04,272.29,20.62,0.04],"Polygon":[272.29,163.04,292.91,163.04,292.91,163.08,272.29,163.08],"IndexInText":135,"OcrConfidence":1.0,"Text":"CALLE","VisualLineNumber":8,"TextType":"Text"},{"Box":[163.04,295.04,25.41,0.04],"Polygon":[295.04,163.04,320.45,163.04,320.45,163.08,295.04,163.08],"IndexInText":141,"OcrConfidence":1.0,"Text":"LEPANT","VisualLineNumber":8,"TextType":"Text"},{"Box":[163.04,322.59,12.83,0.04],"Polygon":[322.59,163.04,335.42,163.04,335.42,163.08,322.59,163.08],"IndexInText":148,"OcrConfidence":1.0,"Text":"125","VisualLineNumber":8,"TextType":"Text"},{"Box":[163.04,337.55,12.83,0.04],"Polygon":[337.55,163.04,350.39,163.04,350.39,163.08,337.55,163.08],"IndexInText":152,"OcrConfidence":1.0,"Text":"001","VisualLineNumber":8,"TextType":"Text"},{"Box":[163.04,352.52,4.28,0.04],"Polygon":[352.52,163.04,356.8,163.04,356.8,163.08,352.52,163.08],"IndexInText":156,"OcrConfidence":1.0,"Text":"3","VisualLineNumber":8,"TextType":"Text"},{"Box":[163.04,358.93,8.55,0.04],"Polygon":[358.93,163.04,367.49,163.04,367.49,163.08,358.93,163.08],"IndexInText":158,"OcrConfidence":1.0,"Text":"13","VisualLineNumber":8,"TextType":"Text"},{"Box":[163.04,369.62,4.67,0.04],"Polygon":[369.62,163.04,374.29,163.04,374.29,163.08,369.62,163.08],"IndexInText":161,"OcrConfidence":1.0,"Text":"B","VisualLineNumber":8,"TextType":"Text"}]}]},{"IndexInText":164,"Language":"fra","Length":17,"Rotation":"None","SkewAngle":0.0,"Type":"Paragraph","WordGroups":[{"IndexInText":164,"Length":17,"Type":"Other","Words":[{"Box":[173.04,272.29,21.39,0.04],"Polygon":[272.29,173.04,293.68,173.04,293.68,173.08,272.29,173.08],"IndexInText":164,"OcrConfidence":1.0,"Text":"08013","VisualLineNumber":10,"TextType":"Text"},{"Box":[173.04,295.81,2.33,0.04],"Polygon":[295.81,173.04,298.14,173.04,298.14,173.08,295.81,173.08],"IndexInText":170,"OcrConfidence":1.0,"Text":"-","VisualLineNumber":10,"TextType":"Text"},{"Box":[173.04,300.28,40.06,0.04],"Polygon":[300.28,173.04,340.34,173.04,340.34,173.08,300.28,173.08],"IndexInText":172,"OcrConfidence":1.0,"Text":"BARCELONA","VisualLineNumber":10,"TextType":"Text"}]}]},{"IndexInText":183,"Language":"fra","Length":9,"Rotation":"None","SkewAngle":0.0,"Type":"Paragraph","WordGroups":[{"IndexInText":183,"Length":9,"Type":"Other","Words":[{"Box":[183.04,272.29,40.06,0.04],"Polygon":[272.29,183.04,312.35,183.04,312.35,183.08,272.29,183.08],"IndexInText":183,"OcrConfidence":1.0,"Text":"BARCELONA","VisualLineNumber":11,"TextType":"Text"}]}]},{"IndexInText":194,"Language":"nld","Length":9,"Rotation":"None","SkewAngle":0.0,"Type":"Paragraph","WordGroups":[{"IndexInText":194,"Length":9,"Type":"Heading","Words":[{"Box":[244.5,57.26,26.67,0.08],"Polygon":[57.26,244.5,83.93,244.5,83.93,244.58,57.26,244.58],"IndexInText":194,"OcrConfidence":1.0,"Text":"TUS","VisualLineNumber":12,"TextType":"Text"},{"Box":[244.5,88.38,42.7,0.08],"Polygon":[88.38,244.5,131.08,244.5,131.08,244.58,88.38,244.58],"IndexInText":198,"OcrConfidence":1.0,"Text":"DATOS","VisualLineNumber":12,"TextType":"Text"}]}]},{"IndexInText":205,"Language":"spa","Length":8,"Rotation":"None","SkewAngle":0.0,"Type":"Paragraph","WordGroups":[{"IndexInText":205,"Length":8,"Type":"Heading","Words":[{"Box":[245.35,281.2,17.78,0.08],"Polygon":[281.2,245.35,298.97,245.35,298.97,245.43,281.2,245.43],"IndexInText":205,"OcrConfidence":1.0,"Text":"TU","VisualLineNumber":13,"TextType":"Text"},{"Box":[245.35,303.42,38.22,0.08],"Polygon":[303.42,245.35,341.64,245.35,341.64,245.43,303.42,245.43],"IndexInText":208,"OcrConfidence":1.0,"Text":"LÍNEA","VisualLineNumber":13,"TextType":"Text"}]}]},{"IndexInText":215,"Language":"spa","Length":15,"Rotation":"None","SkewAngle":0.0,"Type":"Paragraph","WordGroups":[{"IndexInText":215,"Length":15,"Type":"Heading","Words":[{"Box":[262.09,57.26,16.91,0.04],"Polygon":[57.26,262.09,74.17,262.09,74.17,262.13,57.26,262.13],"IndexInText":215,"OcrConfidence":1.0,"Text":"Núm.","VisualLineNumber":14,"TextType":"Text"},{"Box":[262.09,76.31,7.39,0.04],"Polygon":[76.31,262.09,83.7,262.09,83.7,262.13,76.31,262.13],"IndexInText":220,"OcrConfidence":1.0,"Text":"de","VisualLineNumber":14,"TextType":"Text"},{"Box":[262.09,85.83,22.95,0.04],"Polygon":[85.83,262.09,108.78,262.09,108.78,262.13,85.83,262.13],"IndexInText":223,"OcrConfidence":1.0,"Text":"Factura","VisualLineNumber":14,"TextType":"Text"}]}]},{"IndexInText":232,"Language":"fra","Length":14,"Rotation":"None","SkewAngle":0.0,"Type":"Paragraph","WordGroups":[{"IndexInText":232,"Length":14,"Type":"Other","Words":[{"Box":[262.09,186.34,60.27,0.04],"Polygon":[186.34,262.09,246.61,262.09,246.61,262.13,186.34,262.13],"IndexInText":232,"OcrConfidence":1.0,"Text":"01221D01567512","VisualLineNumber":14,"TextType":"Text"}]}]},{"IndexInText":248,"Language":"tur","Length":9,"Rotation":"None","SkewAngle":0.0,"Type":"Paragraph","WordGroups":[{"IndexInText":248,"Length":9,"Type":"Other","Words":[{"Box":[265.87,281.2,43.99,0.05],"Polygon":[281.2,265.87,325.19,265.87,325.19,265.91,281.2,265.91],"IndexInText":248,"OcrConfidence":1.0,"Text":"936778545","VisualLineNumber":15,"TextType":"Text"}]}]},{"IndexInText":259,"Language":"spa","Length":24,"Rotation":"None","SkewAngle":0.0,"Type":"Paragraph","WordGroups":[{"IndexInText":259,"Length":24,"Type":"Other","Words":[{"Box":[265.87,390.03,27.1,0.05],"Polygon":[390.03,265.87,417.13,265.87,417.13,265.91,390.03,265.91],"IndexInText":259,"OcrConfidence":1.0,"Text":"Importe","VisualLineNumber":15,"TextType":"Text"},{"Box":[265.87,419.57,12.89,0.05],"Polygon":[419.57,265.87,432.46,265.87,432.46,265.91,419.57,265.91],"IndexInText":267,"OcrConfidence":1.0,"Text":"(sin","VisualLineNumber":15,"TextType":"Text"},{"Box":[265.87,434.9,15.78,0.05],"Polygon":[434.9,265.87,450.68,265.87,450.68,265.91,434.9,265.91],"IndexInText":272,"OcrConfidence":1.0,"Text":"imp.","VisualLineNumber":15,"TextType":"Text"},{"Box":[265.87,453.12,18.0,0.05],"Polygon":[453.12,265.87,471.12,265.87,471.12,265.91,453.12,265.91],"IndexInText":277,"OcrConfidence":1.0,"Text":"incl.)","VisualLineNumber":15,"TextType":"Text"}]}]},{"IndexInText":285,"Language":"spa","Length":12,"Rotation":"None","SkewAngle":0.0,"Type":"Paragraph","WordGroups":[{"IndexInText":285,"Length":12,"Type":"Heading","Words":[{"Box":[277.69,281.2,15.56,0.04],"Polygon":[281.2,277.69,296.76,277.69,296.76,277.72,281.2,277.72],"IndexInText":285,"OcrConfidence":1.0,"Text":"Fibra","VisualLineNumber":16,"TextType":"Text"},{"Box":[277.69,298.89,12.83,0.04],"Polygon":[298.89,277.69,311.72,277.69,311.72,277.72,298.89,277.72],"IndexInText":291,"OcrConfidence":1.0,"Text":"600","VisualLineNumber":16,"TextType":"Text"},{"Box":[277.69,313.86,9.72,0.04],"Polygon":[313.86,277.69,323.58,277.69,323.58,277.72,313.86,277.72],"IndexInText":295,"OcrConfidence":1.0,"Text":"Mb","VisualLineNumber":16,"TextType":"Text"}]}]},{"IndexInText":299,"Language":"tur","Length":7,"Rotation":"None","SkewAngle":0.0,"Type":"Paragraph","WordGroups":[{"IndexInText":299,"Length":7,"Type":"Other","Words":[{"Box":[277.69,445.46,19.24,0.04],"Polygon":[445.46,277.69,464.71,277.69,464.71,277.72,445.46,277.72],"IndexInText":299,"OcrConfidence":1.0,"Text":"38,84","VisualLineNumber":16,"TextType":"Text"},{"Box":[277.69,466.84,4.28,0.04],"Polygon":[466.84,277.69,471.12,277.69,471.12,277.72,466.84,277.72],"IndexInText":305,"OcrConfidence":1.0,"Text":"€","VisualLineNumber":16,"TextType":"Text"}]}]},{"IndexInText":308,"Language":"ron","Length":7,"Rotation":"None","SkewAngle":0.0,"Type":"Paragraph","WordGroups":[{"IndexInText":308,"Length":7,"Type":"Other","Words":[{"Box":[278.98,57.26,19.19,0.04],"Polygon":[57.26,278.98,76.45,278.98,76.45,279.01,57.26,279.01],"IndexInText":308,"OcrConfidence":1.0,"Text":"Titular","VisualLineNumber":17,"TextType":"Text"}]}]},{"IndexInText":317,"Language":"ita","Length":20,"Rotation":"None","SkewAngle":0.0,"Type":"Paragraph","WordGroups":[{"IndexInText":317,"Length":20,"Type":"Other","Words":[{"Box":[278.98,165.34,15.55,0.04],"Polygon":[165.34,278.98,180.89,278.98,180.89,279.01,165.34,279.01],"IndexInText":317,"OcrConfidence":1.0,"Text":"AIDA","VisualLineNumber":17,"TextType":"Text"},{"Box":[278.98,183.03,39.68,0.04],"Polygon":[183.03,278.98,222.7,278.98,222.7,279.01,183.03,279.01],"IndexInText":322,"OcrConfidence":1.0,"Text":"CARBONELL","VisualLineNumber":17,"TextType":"Text"},{"Box":[278.98,224.84,21.78,0.04],"Polygon":[224.84,278.98,246.61,278.98,246.61,279.01,224.84,279.01],"IndexInText":332,"OcrConfidence":1.0,"Text":"NIUBÓ","VisualLineNumber":17,"TextType":"Text"}]}]},{"IndexInText":339,"Language":"nld","Length":5,"Rotation":"None","SkewAngle":0.0,"Type":"Paragraph","WordGroups":[{"IndexInText":339,"Length":5,"Type":"Heading","Words":[{"Box":[287.88,281.2,20.15,0.04],"Polygon":[281.2,287.88,301.35,287.88,301.35,287.92,281.2,287.92],"IndexInText":339,"OcrConfidence":1.0,"Text":"TOTAL","VisualLineNumber":18,"TextType":"Text"}]}]},{"IndexInText":346,"Language":"tur","Length":7,"Rotation":"None","SkewAngle":0.0,"Type":"Paragraph","WordGroups":[{"IndexInText":346,"Length":7,"Type":"Other","Words":[{"Box":[287.88,444.43,20.02,0.04],"Polygon":[444.43,287.88,464.45,287.88,464.45,287.92,444.43,287.92],"IndexInText":346,"OcrConfidence":1.0,"Text":"38,84","VisualLineNumber":18,"TextType":"Text"},{"Box":[287.88,466.67,4.45,0.04],"Polygon":[466.67,287.88,471.12,287.88,471.12,287.92,466.67,287.92],"IndexInText":352,"OcrConfidence":1.0,"Text":"€","VisualLineNumber":18,"TextType":"Text"}]}]},{"IndexInText":355,"Language":"pol","Length":11,"Rotation":"None","SkewAngle":0.0,"Type":"Paragraph","WordGroups":[{"IndexInText":355,"Length":11,"Type":"Other","Words":[{"Box":[289.18,57.26,37.33,0.04],"Polygon":[57.26,289.18,94.59,289.18,94.59,289.21,57.26,289.21],"IndexInText":355,"OcrConfidence":1.0,"Text":"NIF/NIE/CIF","VisualLineNumber":19,"TextType":"Text"}]}]},{"IndexInText":368,"Language":"ron","Length":9,"Rotation":"None","SkewAngle":0.0,"Type":"Paragraph","WordGroups":[{"IndexInText":368,"Length":9,"Type":"Other","Words":[{"Box":[289.18,207.34,39.27,0.04],"Polygon":[207.34,289.18,246.61,289.18,246.61,289.21,207.34,289.21],"IndexInText":368,"OcrConfidence":1.0,"Text":"47418905N","VisualLineNumber":19,"TextType":"Text"}]}]},{"IndexInText":379,"Language":"spa","Length":16,"Rotation":"None","SkewAngle":0.0,"Type":"Paragraph","WordGroups":[{"IndexInText":379,"Length":16,"Type":"Heading","Words":[{"Box":[299.38,57.26,18.28,0.04],"Polygon":[57.26,299.38,75.54,299.38,75.54,299.41,57.26,299.41],"IndexInText":379,"OcrConfidence":1.0,"Text":"Fecha","VisualLineNumber":20,"TextType":"Text"},{"Box":[299.38,77.68,7.39,0.04],"Polygon":[77.68,299.38,85.07,299.38,85.07,299.41,77.68,299.41],"IndexInText":385,"OcrConfidence":1.0,"Text":"de","VisualLineNumber":20,"TextType":"Text"},{"Box":[299.38,87.21,24.5,0.04],"Polygon":[87.21,299.38,111.71,299.38,111.71,299.41,87.21,299.41],"IndexInText":388,"OcrConfidence":1.0,"Text":"Emisión","VisualLineNumber":20,"TextType":"Text"}]}]},{"IndexInText":397,"Language":"nor","Length":11,"Rotation":"None","SkewAngle":0.0,"Type":"Paragraph","WordGroups":[{"IndexInText":397,"Length":11,"Type":"Other","Words":[{"Box":[299.38,204.62,41.99,0.04],"Polygon":[204.62,299.38,246.61,299.38,246.61,299.41,204.62,299.41],"IndexInText":397,"OcrConfidence":1.0,"Text":"01-Ene-2022","VisualLineNumber":20,"TextType":"Text"}]}]},{"IndexInText":410,"Language":"spa","Length":20,"Rotation":"None","SkewAngle":0.0,"Type":"Paragraph","WordGroups":[{"IndexInText":410,"Length":20,"Type":"Heading","Words":[{"Box":[309.58,57.26,18.28,0.04],"Polygon":[57.26,309.58,75.54,309.58,75.54,309.61,57.26,309.61],"IndexInText":410,"OcrConfidence":1.0,"Text":"Fecha","VisualLineNumber":21,"TextType":"Text"},{"Box":[309.58,77.68,7.39,0.04],"Polygon":[77.68,309.58,85.07,309.58,85.07,309.61,77.68,309.61],"IndexInText":416,"OcrConfidence":1.0,"Text":"de","VisualLineNumber":21,"TextType":"Text"},{"Box":[309.58,87.21,37.6,0.04],"Polygon":[87.21,309.58,124.81,309.58,124.81,309.61,87.21,309.61],"IndexInText":419,"OcrConfidence":1.0,"Text":"Vencimiento","VisualLineNumber":21,"TextType":"Text"}]}]},{"IndexInText":432,"Language":"nor","Length":11,"Rotation":"None","SkewAngle":0.0,"Type":"Paragraph","WordGroups":[{"IndexInText":432,"Length":11,"Type":"Other","Words":[{"Box":[309.58,204.62,41.99,0.04],"Polygon":[204.62,309.58,246.61,309.58,246.61,309.61,204.62,309.61],"IndexInText":432,"OcrConfidence":1.0,"Text":"04-Ene-2022","VisualLineNumber":21,"TextType":"Text"}]}]},{"IndexInText":445,"Language":"spa","Length":20,"Rotation":"None","SkewAngle":0.0,"Type":"Paragraph","WordGroups":[{"IndexInText":445,"Length":20,"Type":"Heading","Words":[{"Box":[310.45,281.2,14.53,0.04],"Polygon":[281.2,310.45,295.72,310.45,295.72,310.48,281.2,310.48],"IndexInText":445,"OcrConfidence":1.0,"Text":"Total","VisualLineNumber":22,"TextType":"Text"},{"Box":[310.45,297.86,14.78,0.04],"Polygon":[297.86,310.45,312.63,310.45,312.63,310.48,297.86,310.48],"IndexInText":451,"OcrConfidence":1.0,"Text":"Base","VisualLineNumber":22,"TextType":"Text"},{"Box":[310.45,314.77,30.73,0.04],"Polygon":[314.77,310.45,345.5,310.45,345.5,310.48,314.77,310.48],"IndexInText":456,"OcrConfidence":1.0,"Text":"Imponible","VisualLineNumber":22,"TextType":"Text"}]}]},{"IndexInText":467,"Language":"tur","Length":7,"Rotation":"None","SkewAngle":0.0,"Type":"Paragraph","WordGroups":[{"IndexInText":467,"Length":7,"Type":"Other","Words":[{"Box":[310.45,445.46,19.24,0.04],"Polygon":[445.46,310.45,464.71,310.45,464.71,310.48,445.46,310.48],"IndexInText":467,"OcrConfidence":1.0,"Text":"38,84","VisualLineNumber":22,"TextType":"Text"},{"Box":[310.45,466.84,4.28,0.04],"Polygon":[466.84,310.45,471.12,310.45,471.12,310.48,466.84,310.48],"IndexInText":473,"OcrConfidence":1.0,"Text":"€","VisualLineNumber":22,"TextType":"Text"}]}]},{"IndexInText":476,"Language":"spa","Length":16,"Rotation":"None","SkewAngle":0.0,"Type":"Paragraph","WordGroups":[{"IndexInText":476,"Length":16,"Type":"Heading","Words":[{"Box":[319.78,57.26,23.73,0.04],"Polygon":[57.26,319.78,80.99,319.78,80.99,319.81,57.26,319.81],"IndexInText":476,"OcrConfidence":1.0,"Text":"Entidad","VisualLineNumber":23,"TextType":"Text"},{"Box":[319.78,83.12,26.84,0.04],"Polygon":[83.12,319.78,109.96,319.78,109.96,319.81,83.12,319.81],"IndexInText":484,"OcrConfidence":1.0,"Text":"Bancaria","VisualLineNumber":23,"TextType":"Text"}]}]},{"IndexInText":494,"Language":"spa","Length":29,"Rotation":"None","SkewAngle":0.0,"Type":"Paragraph","WordGroups":[{"IndexInText":494,"Length":29,"Type":"Other","Words":[{"Box":[319.78,133.86,12.82,0.04],"Polygon":[133.86,319.78,146.68,319.78,146.68,319.81,133.86,319.81],"IndexInText":494,"OcrConfidence":1.0,"Text":"C.A.","VisualLineNumber":23,"TextType":"Text"},{"Box":[319.78,148.82,3.89,0.04],"Polygon":[148.82,319.78,152.71,319.78,152.71,319.81,148.82,319.81],"IndexInText":499,"OcrConfidence":1.0,"Text":"Y","VisualLineNumber":23,"TextType":"Text"},{"Box":[319.78,154.84,38.49,0.04],"Polygon":[154.84,319.78,193.34,319.78,193.34,319.81,154.84,319.81],"IndexInText":501,"OcrConfidence":1.0,"Text":"PENSIONES","VisualLineNumber":23,"TextType":"Text"},{"Box":[319.78,195.47,8.95,0.04],"Polygon":[195.47,319.78,204.42,319.78,204.42,319.81,195.47,319.81],"IndexInText":511,"OcrConfidence":1.0,"Text":"DE","VisualLineNumber":23,"TextType":"Text"},{"Box":[319.78,206.55,40.06,0.04],"Polygon":[206.55,319.78,246.61,319.78,246.61,319.81,206.55,319.81],"IndexInText":514,"OcrConfidence":1.0,"Text":"BARCELONA","VisualLineNumber":23,"TextType":"Text"}]}]},{"IndexInText":525,"Language":"spa","Length":33,"Rotation":"None","SkewAngle":0.0,"Type":"Paragraph","WordGroups":[{"IndexInText":525,"Length":33,"Type":"Other","Words":[{"Box":[320.45,281.2,31.49,0.04],"Polygon":[281.2,320.45,312.69,320.45,312.69,320.48,281.2,320.48],"IndexInText":525,"OcrConfidence":1.0,"Text":"Impuestos","VisualLineNumber":24,"TextType":"Text"},{"Box":[320.45,314.82,12.31,0.04],"Polygon":[314.82,320.45,327.14,320.45,327.14,320.48,314.82,320.48],"IndexInText":535,"OcrConfidence":1.0,"Text":"(IVA","VisualLineNumber":24,"TextType":"Text"},{"Box":[320.45,329.27,25.47,0.04],"Polygon":[329.27,320.45,354.74,320.45,354.74,320.48,329.27,320.48],"IndexInText":540,"OcrConfidence":1.0,"Text":"21,00%","VisualLineNumber":24,"TextType":"Text"},{"Box":[320.45,356.87,5.05,0.04],"Polygon":[356.87,320.45,361.93,320.45,361.93,320.48,356.87,320.48],"IndexInText":547,"OcrConfidence":1.0,"Text":"s/","VisualLineNumber":24,"TextType":"Text"},{"Box":[320.45,364.06,19.24,0.04],"Polygon":[364.06,320.45,383.31,320.45,383.31,320.48,364.06,320.48],"IndexInText":550,"OcrConfidence":1.0,"Text":"38,84","VisualLineNumber":24,"TextType":"Text"},{"Box":[320.45,385.44,6.61,0.04],"Polygon":[385.44,320.45,392.05,320.45,392.05,320.48,385.44,320.48],"IndexInText":556,"OcrConfidence":1.0,"Text":"€)","VisualLineNumber":24,"TextType":"Text"}]}]},{"IndexInText":560,"Language":"tur","Length":6,"Rotation":"None","SkewAngle":0.0,"Type":"Paragraph","WordGroups":[{"IndexInText":560,"Length":6,"Type":"Other","Words":[{"Box":[320.45,449.74,14.97,0.04],"Polygon":[449.74,320.45,464.71,320.45,464.71,320.48,449.74,320.48],"IndexInText":560,"OcrConfidence":1.0,"Text":"8,16","VisualLineNumber":24,"TextType":"Text"},{"Box":[320.45,466.84,4.28,0.04],"Polygon":[466.84,320.45,471.12,320.45,471.12,320.48,466.84,320.48],"IndexInText":565,"OcrConfidence":1.0,"Text":"€","VisualLineNumber":24,"TextType":"Text"}]}]},{"IndexInText":568,"Language":"und","Length":4,"Rotation":"None","SkewAngle":0.0,"Type":"Paragraph","WordGroups":[{"IndexInText":568,"Length":4,"Type":"Other","Words":[{"Box":[329.98,57.26,16.33,0.04],"Polygon":[57.26,329.98,73.59,329.98,73.59,330.01,57.26,330.01],"IndexInText":568,"OcrConfidence":1.0,"Text":"IBAN","VisualLineNumber":25,"TextType":"Text"}]}]},{"IndexInText":574,"Language":"spa","Length":28,"Rotation":"None","SkewAngle":0.0,"Type":"Paragraph","WordGroups":[{"IndexInText":574,"Length":28,"Type":"Other","Words":[{"Box":[329.98,138.53,17.11,0.04],"Polygon":[138.53,329.98,155.64,329.98,155.64,330.01,138.53,330.01],"IndexInText":574,"OcrConfidence":1.0,"Text":"ES60","VisualLineNumber":25,"TextType":"Text"},{"Box":[329.98,157.78,17.11,0.04],"Polygon":[157.78,329.98,174.89,329.98,174.89,330.01,157.78,330.01],"IndexInText":579,"OcrConfidence":1.0,"Text":"2100","VisualLineNumber":25,"TextType":"Text"},{"Box":[329.98,177.02,17.11,0.04],"Polygon":[177.02,329.98,194.13,329.98,194.13,330.01,177.02,330.01],"IndexInText":584,"OcrConfidence":1.0,"Text":"3108","VisualLineNumber":25,"TextType":"Text"},{"Box":[329.98,196.26,8.55,0.04],"Polygon":[196.26,329.98,204.82,329.98,204.82,330.01,196.26,330.01],"IndexInText":589,"OcrConfidence":1.0,"Text":"13","VisualLineNumber":25,"TextType":"Text"},{"Box":[329.98,206.95,39.66,0.04],"Polygon":[206.95,329.98,246.61,329.98,246.61,330.01,206.95,330.01],"IndexInText":592,"OcrConfidence":1.0,"Text":"220029****","VisualLineNumber":25,"TextType":"Text"}]}]},{"IndexInText":604,"Language":"ron","Length":13,"Rotation":"None","SkewAngle":0.0,"Type":"Paragraph","WordGroups":[{"IndexInText":604,"Length":13,"Type":"Heading","Words":[{"Box":[336.08,281.2,14.65,0.04],"Polygon":[281.2,336.08,295.85,336.08,295.85,336.12,281.2,336.12],"IndexInText":604,"OcrConfidence":1.0,"Text":"Total","VisualLineNumber":26,"TextType":"Text"},{"Box":[336.08,297.98,22.95,0.04],"Polygon":[297.98,336.08,320.93,336.08,320.93,336.12,297.98,336.12],"IndexInText":610,"OcrConfidence":1.0,"Text":"Factura","VisualLineNumber":26,"TextType":"Text"}]}]},{"IndexInText":619,"Language":"tur","Length":7,"Rotation":"None","SkewAngle":0.0,"Type":"Paragraph","WordGroups":[{"IndexInText":619,"Length":7,"Type":"Other","Words":[{"Box":[336.08,445.46,19.24,0.04],"Polygon":[445.46,336.08,464.71,336.08,464.71,336.12,445.46,336.12],"IndexInText":619,"OcrConfidence":1.0,"Text":"47,00","VisualLineNumber":26,"TextType":"Text"},{"Box":[336.08,466.84,4.28,0.04],"Polygon":[466.84,336.08,471.12,336.08,471.12,336.12,466.84,336.12],"IndexInText":625,"OcrConfidence":1.0,"Text":"€","VisualLineNumber":26,"TextType":"Text"}]}]},{"IndexInText":628,"Language":"spa","Length":13,"Rotation":"None","SkewAngle":0.0,"Type":"Paragraph","WordGroups":[{"IndexInText":628,"Length":13,"Type":"Other","Words":[{"Box":[352.42,281.2,18.84,0.05],"Polygon":[281.2,352.42,300.03,352.42,300.03,352.47,281.2,352.47],"IndexInText":628,"OcrConfidence":1.0,"Text":"Total","VisualLineNumber":27,"TextType":"Text"},{"Box":[352.42,302.78,4.5,0.05],"Polygon":[302.78,352.42,307.28,352.42,307.28,352.47,302.78,352.47],"IndexInText":634,"OcrConfidence":1.0,"Text":"a","VisualLineNumber":27,"TextType":"Text"},{"Box":[352.42,310.02,21.5,0.05],"Polygon":[310.02,352.42,331.52,352.42,331.52,352.47,310.02,352.47],"IndexInText":636,"OcrConfidence":1.0,"Text":"pagar","VisualLineNumber":27,"TextType":"Text"}]}]},{"IndexInText":643,"Language":"tur","Length":7,"Rotation":"None","SkewAngle":0.0,"Type":"Paragraph","WordGroups":[{"IndexInText":643,"Length":7,"Type":"Other","Words":[{"Box":[352.42,438.13,24.74,0.05],"Polygon":[438.13,352.42,462.87,352.42,462.87,352.47,438.13,352.47],"IndexInText":643,"OcrConfidence":1.0,"Text":"47,00","VisualLineNumber":27,"TextType":"Text"},{"Box":[352.42,465.62,5.5,0.05],"Polygon":[465.62,352.42,471.12,352.42,471.12,352.47,465.62,352.47],"IndexInText":649,"OcrConfidence":1.0,"Text":"€","VisualLineNumber":27,"TextType":"Text"}]}]},{"IndexInText":652,"Language":"por","Length":9,"Rotation":"None","SkewAngle":0.0,"Type":"Paragraph","WordGroups":[{"IndexInText":652,"Length":9,"Type":"Heading","Words":[{"Box":[365.82,53.86,29.34,0.08],"Polygon":[53.86,365.82,83.2,365.82,83.2,365.9,53.86,365.9],"IndexInText":652,"OcrConfidence":1.0,"Text":"MES","VisualLineNumber":28,"TextType":"Text"},{"Box":[365.82,87.65,8.9,0.08],"Polygon":[87.65,365.82,96.55,365.82,96.55,365.9,87.65,365.9],"IndexInText":656,"OcrConfidence":1.0,"Text":"A","VisualLineNumber":28,"TextType":"Text"},{"Box":[365.82,100.99,29.34,0.08],"Polygon":[100.99,365.82,130.34,365.82,130.34,365.9,100.99,365.9],"IndexInText":658,"OcrConfidence":1.0,"Text":"MES","VisualLineNumber":28,"TextType":"Text"}]}]},{"IndexInText":663,"Language":"und","Length":1,"Rotation":"None","SkewAngle":0.0,"Type":"Paragraph","WordGroups":[{"IndexInText":663,"Length":1,"Type":"Other","Words":[{"Box":[376.87,58.03,3.67,0.03],"Polygon":[58.03,376.87,61.69,376.87,61.69,376.9,58.03,376.9],"IndexInText":663,"OcrConfidence":1.0,"Text":"€","VisualLineNumber":29,"TextType":"Text"}]}]},{"IndexInText":666,"Language":"und","Length":2,"Rotation":"None","SkewAngle":0.0,"Type":"Paragraph","WordGroups":[{"IndexInText":666,"Length":2,"Type":"Other","Words":[{"Box":[389.2,50.36,7.33,0.03],"Polygon":[50.36,389.2,57.69,389.2,57.69,389.23,50.36,389.23],"IndexInText":666,"OcrConfidence":1.0,"Text":"52","VisualLineNumber":30,"TextType":"Text"}]}]},{"IndexInText":670,"Language":"tur","Length":17,"Rotation":"None","SkewAngle":0.0,"Type":"Paragraph","WordGroups":[{"IndexInText":670,"Length":17,"Type":"Other","Words":[{"Box":[390.87,158.66,16.49,0.03],"Polygon":[158.66,390.87,175.16,390.87,175.16,390.9,158.66,390.9],"IndexInText":670,"OcrConfidence":1.0,"Text":"47,00","VisualLineNumber":31,"TextType":"Text"},{"Box":[390.87,186.96,16.49,0.03],"Polygon":[186.96,390.87,203.46,390.87,203.46,390.9,186.96,390.9],"IndexInText":676,"OcrConfidence":1.0,"Text":"47,00","VisualLineNumber":31,"TextType":"Text"},{"Box":[390.87,215.26,16.49,0.03],"Polygon":[215.26,390.87,231.76,390.87,231.76,390.9,215.26,390.9],"IndexInText":682,"OcrConfidence":1.0,"Text":"47,00","VisualLineNumber":31,"TextType":"Text"}]}]},{"IndexInText":689,"Language":"und","Length":2,"Rotation":"None","SkewAngle":0.0,"Type":"Paragraph","WordGroups":[{"IndexInText":689,"Length":2,"Type":"Other","Words":[{"Box":[403.2,50.36,7.33,0.03],"Polygon":[50.36,403.2,57.69,403.2,57.69,403.23,50.36,403.23],"IndexInText":689,"OcrConfidence":1.0,"Text":"41","VisualLineNumber":32,"TextType":"Text"}]}]},{"IndexInText":693,"Language":"tur","Length":17,"Rotation":"None","SkewAngle":0.0,"Type":"Paragraph","WordGroups":[{"IndexInText":693,"Length":17,"Type":"Other","Words":[{"Box":[410.02,73.76,16.49,0.03],"Polygon":[73.76,410.02,90.26,410.02,90.26,410.05,73.76,410.05],"IndexInText":693,"OcrConfidence":1.0,"Text":"32,00","VisualLineNumber":33,"TextType":"Text"},{"Box":[410.02,102.06,16.49,0.03],"Polygon":[102.06,410.02,118.56,410.02,118.56,410.05,102.06,410.05],"IndexInText":699,"OcrConfidence":1.0,"Text":"32,00","VisualLineNumber":33,"TextType":"Text"},{"Box":[410.02,130.36,16.49,0.03],"Polygon":[130.36,410.02,146.86,410.02,146.86,410.05,130.36,410.05],"IndexInText":705,"OcrConfidence":1.0,"Text":"32,00","VisualLineNumber":33,"TextType":"Text"}]}]},{"IndexInText":712,"Language":"und","Length":2,"Rotation":"None","SkewAngle":0.0,"Type":"Paragraph","WordGroups":[{"IndexInText":712,"Length":2,"Type":"Other","Words":[{"Box":[416.2,50.36,7.33,0.03],"Polygon":[50.36,416.2,57.69,416.2,57.69,416.23,50.36,416.23],"IndexInText":712,"OcrConfidence":1.0,"Text":"31","VisualLineNumber":34,"TextType":"Text"}]}]},{"IndexInText":716,"Language":"und","Length":2,"Rotation":"None","SkewAngle":0.0,"Type":"Paragraph","WordGroups":[{"IndexInText":716,"Length":2,"Type":"Other","Words":[{"Box":[429.2,50.36,7.33,0.03],"Polygon":[50.36,429.2,57.69,429.2,57.69,429.23,50.36,429.23],"IndexInText":716,"OcrConfidence":1.0,"Text":"21","VisualLineNumber":35,"TextType":"Text"}]}]},{"IndexInText":720,"Language":"und","Length":2,"Rotation":"None","SkewAngle":0.0,"Type":"Paragraph","WordGroups":[{"IndexInText":720,"Length":2,"Type":"Other","Words":[{"Box":[442.2,50.36,7.33,0.03],"Polygon":[50.36,442.2,57.69,442.2,57.69,442.23,50.36,442.23],"IndexInText":720,"OcrConfidence":1.0,"Text":"10","VisualLineNumber":36,"TextType":"Text"}]}]},{"IndexInText":724,"Language":"und","Length":1,"Rotation":"None","SkewAngle":0.0,"Type":"Paragraph","WordGroups":[{"IndexInText":724,"Length":1,"Type":"Other","Words":[{"Box":[455.2,54.03,3.67,0.03],"Polygon":[54.03,455.2,57.69,455.2,57.69,455.23,54.03,455.23],"IndexInText":724,"OcrConfidence":1.0,"Text":"0","VisualLineNumber":37,"TextType":"Text"}]}]},{"IndexInText":727,"Language":"tur","Length":47,"Rotation":"None","SkewAngle":0.0,"Type":"Paragraph","WordGroups":[{"IndexInText":727,"Length":47,"Type":"Other","Words":[{"Box":[461.33,70.01,23.99,0.03],"Polygon":[70.01,461.33,94.01,461.33,94.01,461.36,70.01,461.36],"IndexInText":727,"OcrConfidence":1.0,"Text":"07-2021","VisualLineNumber":38,"TextType":"Text"},{"Box":[461.33,98.31,23.99,0.03],"Polygon":[98.31,461.33,122.31,461.33,122.31,461.36,98.31,461.36],"IndexInText":735,"OcrConfidence":1.0,"Text":"08-2021","VisualLineNumber":38,"TextType":"Text"},{"Box":[461.33,126.61,23.99,0.03],"Polygon":[126.61,461.33,150.61,461.33,150.61,461.36,126.61,461.36],"IndexInText":743,"OcrConfidence":1.0,"Text":"09-2021","VisualLineNumber":38,"TextType":"Text"},{"Box":[461.33,154.91,23.99,0.03],"Polygon":[154.91,461.33,178.91,461.33,178.91,461.36,154.91,461.36],"IndexInText":751,"OcrConfidence":1.0,"Text":"10-2021","VisualLineNumber":38,"TextType":"Text"},{"Box":[461.33,183.21,23.99,0.03],"Polygon":[183.21,461.33,207.21,461.33,207.21,461.36,183.21,461.36],"IndexInText":759,"OcrConfidence":1.0,"Text":"11-2021","VisualLineNumber":38,"TextType":"Text"},{"Box":[461.33,211.51,23.99,0.03],"Polygon":[211.51,461.33,235.51,461.33,235.51,461.36,211.51,461.36],"IndexInText":767,"OcrConfidence":1.0,"Text":"12-2021","VisualLineNumber":38,"TextType":"Text"}]}]},{"IndexInText":776,"Language":"spa","Length":19,"Rotation":"None","SkewAngle":0.0,"Type":"Paragraph","WordGroups":[{"IndexInText":776,"Length":19,"Type":"Other","Words":[{"Box":[676.82,34.02,37.02,0.05],"Polygon":[34.02,676.82,71.03,676.82,71.03,676.87,34.02,676.87],"IndexInText":776,"OcrConfidence":1.0,"Text":"ATENCIÓN","VisualLineNumber":39,"TextType":"Text"},{"Box":[676.82,73.53,9.0,0.05],"Polygon":[73.53,676.82,82.53,676.82,82.53,676.87,73.53,676.87],"IndexInText":785,"OcrConfidence":1.0,"Text":"AL","VisualLineNumber":39,"TextType":"Text"},{"Box":[676.82,85.04,30.5,0.05],"Polygon":[85.04,676.82,115.54,676.82,115.54,676.87,85.04,676.87],"IndexInText":788,"OcrConfidence":1.0,"Text":"CLIENTE","VisualLineNumber":39,"TextType":"Text"}]}]},{"IndexInText":797,"Language":"spa","Length":18,"Rotation":"None","SkewAngle":0.0,"Type":"Paragraph","WordGroups":[{"IndexInText":797,"Length":18,"Type":"Other","Words":[{"Box":[676.82,272.69,9.0,0.05],"Polygon":[272.69,676.82,281.69,676.82,281.69,676.87,272.69,676.87],"IndexInText":797,"OcrConfidence":1.0,"Text":"LO","VisualLineNumber":39,"TextType":"Text"},{"Box":[676.82,284.19,15.0,0.05],"Polygon":[284.19,676.82,299.2,676.82,299.2,676.87,284.19,676.87],"IndexInText":800,"OcrConfidence":1.0,"Text":"QUE","VisualLineNumber":39,"TextType":"Text"},{"Box":[676.82,301.7,24.01,0.05],"Polygon":[301.7,676.82,325.71,676.82,325.71,676.87,301.7,676.87],"IndexInText":804,"OcrConfidence":1.0,"Text":"DEBES","VisualLineNumber":39,"TextType":"Text"},{"Box":[676.82,328.21,24.52,0.05],"Polygon":[328.21,676.82,352.73,676.82,352.73,676.87,328.21,676.87],"IndexInText":810,"OcrConfidence":1.0,"Text":"SABER","VisualLineNumber":39,"TextType":"Text"}]}]},{"IndexInText":817,"Language":"spa","Length":8,"Rotation":"None","SkewAngle":0.0,"Type":"Paragraph","WordGroups":[{"IndexInText":817,"Length":8,"Type":"Other","Words":[{"Box":[692.33,34.02,19.06,0.04],"Polygon":[34.02,692.33,53.08,692.33,53.08,692.37,34.02,692.37],"IndexInText":817,"OcrConfidence":1.0,"Text":"ENTRA","VisualLineNumber":40,"TextType":"Text"},{"Box":[692.33,55.02,7.78,0.04],"Polygon":[55.02,692.33,62.8,692.33,62.8,692.37,55.02,692.37],"IndexInText":823,"OcrConfidence":1.0,"Text":"EN","VisualLineNumber":40,"TextType":"Text"}]}]},{"IndexInText":827,"Language":"mar","Length":27,"Rotation":"None","SkewAngle":0.0,"Type":"Paragraph","WordGroups":[{"IndexInText":827,"Length":27,"Type":"Other","Words":[{"Box":[700.32,34.02,100.22,0.05],"Polygon":[34.02,700.32,134.24,700.32,134.24,700.37,34.02,700.37],"IndexInText":827,"OcrConfidence":1.0,"Text":"https://www.yoigo.com/ayuda","VisualLineNumber":42,"TextType":"Text"}]}]},{"IndexInText":856,"Language":"spa","Length":56,"Rotation":"None","SkewAngle":0.0,"Type":"Paragraph","WordGroups":[{"IndexInText":856,"Length":56,"Type":"Other","Words":[{"Box":[694.01,272.69,21.78,0.04],"Polygon":[272.69,694.01,294.48,694.01,294.48,694.05,272.69,694.05],"IndexInText":856,"OcrConfidence":1.0,"Text":"Oficina","VisualLineNumber":41,"TextType":"Text"},{"Box":[694.01,296.61,7.39,0.04],"Polygon":[296.61,694.01,304.0,694.01,304.0,694.05,296.61,694.05],"IndexInText":864,"OcrConfidence":1.0,"Text":"de","VisualLineNumber":41,"TextType":"Text"},{"Box":[694.01,306.14,26.84,0.04],"Polygon":[306.14,694.01,332.98,694.01,332.98,694.05,306.14,694.05],"IndexInText":867,"OcrConfidence":1.0,"Text":"Atención","VisualLineNumber":41,"TextType":"Text"},{"Box":[694.01,335.11,5.45,0.04],"Polygon":[335.11,694.01,340.56,694.01,340.56,694.05,335.11,694.05],"IndexInText":876,"OcrConfidence":1.0,"Text":"al","VisualLineNumber":41,"TextType":"Text"},{"Box":[694.01,342.69,23.33,0.04],"Polygon":[342.69,694.01,366.02,694.01,366.02,694.05,342.69,694.05],"IndexInText":879,"OcrConfidence":1.0,"Text":"Usuario","VisualLineNumber":41,"TextType":"Text"},{"Box":[694.01,368.16,7.39,0.04],"Polygon":[368.16,694.01,375.55,694.01,375.55,694.05,368.16,694.05],"IndexInText":887,"OcrConfidence":1.0,"Text":"de","VisualLineNumber":41,"TextType":"Text"},{"Box":[694.01,377.69,61.33,0.04],"Polygon":[377.69,694.01,439.01,694.01,439.01,694.05,377.69,694.05],"IndexInText":890,"OcrConfidence":1.0,"Text":"Telecomunicaciones","VisualLineNumber":41,"TextType":"Text"},{"Box":[694.01,441.15,9.34,0.04],"Polygon":[441.15,694.01,450.49,694.01,450.49,694.05,441.15,694.05],"IndexInText":909,"OcrConfidence":1.0,"Text":"del","VisualLineNumber":41,"TextType":"Text"}]}]},{"IndexInText":914,"Language":"spa","Length":47,"Rotation":"None","SkewAngle":0.0,"Type":"Paragraph","WordGroups":[{"IndexInText":914,"Length":47,"Type":"Other","Words":[{"Box":[702.45,272.69,30.33,0.04],"Polygon":[272.69,702.45,303.02,702.45,303.02,702.49,272.69,702.49],"IndexInText":914,"OcrConfidence":1.0,"Text":"Ministerio","VisualLineNumber":43,"TextType":"Text"},{"Box":[702.45,305.16,7.39,0.04],"Polygon":[305.16,702.45,312.55,702.45,312.55,702.49,305.16,702.49],"IndexInText":925,"OcrConfidence":1.0,"Text":"de","VisualLineNumber":43,"TextType":"Text"},{"Box":[702.45,314.69,25.08,0.04],"Polygon":[314.69,702.45,339.77,702.45,339.77,702.49,314.69,702.49],"IndexInText":928,"OcrConfidence":1.0,"Text":"Energía,","VisualLineNumber":43,"TextType":"Text"},{"Box":[702.45,341.9,23.98,0.04],"Polygon":[341.9,702.45,365.88,702.45,365.88,702.49,341.9,702.49],"IndexInText":937,"OcrConfidence":1.0,"Text":"Turismo","VisualLineNumber":43,"TextType":"Text"},{"Box":[702.45,368.02,3.11,0.04],"Polygon":[368.02,702.45,371.13,702.45,371.13,702.49,368.02,702.49],"IndexInText":945,"OcrConfidence":1.0,"Text":"y","VisualLineNumber":43,"TextType":"Text"},{"Box":[702.45,373.26,22.56,0.04],"Polygon":[373.26,702.45,395.82,702.45,395.82,702.49,373.26,702.49],"IndexInText":947,"OcrConfidence":1.0,"Text":"Agenda","VisualLineNumber":43,"TextType":"Text"},{"Box":[702.45,397.96,19.84,0.04],"Polygon":[397.96,702.45,417.8,702.45,417.8,702.49,397.96,702.49],"IndexInText":954,"OcrConfidence":1.0,"Text":"Digital","VisualLineNumber":43,"TextType":"Text"}]}]},{"IndexInText":963,"Language":"spa","Length":39,"Rotation":"None","SkewAngle":0.0,"Type":"Paragraph","WordGroups":[{"IndexInText":963,"Length":39,"Type":"Other","Words":[{"Box":[716.84,34.02,36.58,0.04],"Polygon":[34.02,716.84,70.59,716.84,70.59,716.87,34.02,716.87],"IndexInText":963,"OcrConfidence":1.0,"Text":"ESCRÍBENOS","VisualLineNumber":45,"TextType":"Text"},{"Box":[716.84,72.54,8.55,0.04],"Polygon":[72.54,716.84,81.09,716.84,81.09,716.87,72.54,716.87],"IndexInText":974,"OcrConfidence":1.0,"Text":"UN","VisualLineNumber":45,"TextType":"Text"},{"Box":[716.84,83.04,26.84,0.04],"Polygon":[83.04,716.84,109.87,716.84,109.87,716.87,83.04,716.87],"IndexInText":977,"OcrConfidence":1.0,"Text":"MENSAJE","VisualLineNumber":45,"TextType":"Text"},{"Box":[716.84,111.82,3.89,0.04],"Polygon":[111.82,716.84,115.71,716.84,115.71,716.87,111.82,716.87],"IndexInText":985,"OcrConfidence":1.0,"Text":"O","VisualLineNumber":45,"TextType":"Text"},{"Box":[716.84,117.66,31.51,0.04],"Polygon":[117.66,716.84,149.17,716.84,149.17,716.87,117.66,716.87],"IndexInText":987,"OcrConfidence":1.0,"Text":"LLÁMANOS","VisualLineNumber":45,"TextType":"Text"},{"Box":[716.84,151.11,20.63,0.04],"Polygon":[151.11,716.84,171.74,716.84,171.74,716.87,151.11,716.87],"IndexInText":996,"OcrConfidence":1.0,"Text":"GRATIS","VisualLineNumber":45,"TextType":"Text"}]}]},{"IndexInText":1004,"Language":"und","Length":3,"Rotation":"None","SkewAngle":0.0,"Type":"Footer","WordGroups":[{"IndexInText":1004,"Length":3,"Type":"Other","Words":[{"Box":[724.84,34.02,11.68,0.04],"Polygon":[34.02,724.84,45.69,724.84,45.69,724.87,34.02,724.87],"IndexInText":1004,"OcrConfidence":1.0,"Text":"622","VisualLineNumber":47,"TextType":"Text"}]}]},{"IndexInText":1009,"Language":"spa","Length":28,"Rotation":"None","SkewAngle":0.0,"Type":"Paragraph","WordGroups":[{"IndexInText":1009,"Length":28,"Type":"Other","Words":[{"Box":[738.5,34.02,31.51,0.04],"Polygon":[34.02,738.5,65.52,738.5,65.52,738.54,34.02,738.54],"IndexInText":1009,"OcrConfidence":1.0,"Text":"LLÁMANOS","VisualLineNumber":49,"TextType":"Text"},{"Box":[738.5,67.47,18.68,0.04],"Polygon":[67.47,738.5,86.14,738.5,86.14,738.54,67.47,738.54],"IndexInText":1018,"OcrConfidence":1.0,"Text":"DESDE","VisualLineNumber":49,"TextType":"Text"},{"Box":[738.5,88.09,15.18,0.04],"Polygon":[88.09,738.5,103.27,738.5,103.27,738.54,88.09,738.54],"IndexInText":1024,"OcrConfidence":1.0,"Text":"OTRO","VisualLineNumber":49,"TextType":"Text"},{"Box":[738.5,105.21,30.74,0.04],"Polygon":[105.21,738.5,135.96,738.5,135.96,738.54,105.21,738.54],"IndexInText":1029,"OcrConfidence":1.0,"Text":"OPERADOR","VisualLineNumber":49,"TextType":"Text"}]}]},{"IndexInText":1039,"Language":"tur","Length":11,"Rotation":"None","SkewAngle":0.0,"Type":"Paragraph","WordGroups":[{"IndexInText":1039,"Length":11,"Type":"Other","Words":[{"Box":[746.5,34.02,11.68,0.04],"Polygon":[34.02,746.5,45.69,746.5,45.69,746.54,34.02,746.54],"IndexInText":1039,"OcrConfidence":1.0,"Text":"622","VisualLineNumber":52,"TextType":"Text"},{"Box":[746.5,47.64,11.68,0.04],"Polygon":[47.64,746.5,59.31,746.5,59.31,746.54,47.64,746.54],"IndexInText":1043,"OcrConfidence":1.0,"Text":"622","VisualLineNumber":52,"TextType":"Text"},{"Box":[746.5,61.26,11.68,0.04],"Polygon":[61.26,746.5,72.94,746.5,72.94,746.54,61.26,746.54],"IndexInText":1047,"OcrConfidence":1.0,"Text":"622","VisualLineNumber":52,"TextType":"Text"}]}]},{"IndexInText":1052,"Language":"tur","Length":27,"Rotation":"None","SkewAngle":0.0,"Type":"Paragraph","WordGroups":[{"IndexInText":1052,"Length":27,"Type":"Other","Words":[{"Box":[711.12,272.69,12.83,0.04],"Polygon":[272.69,711.12,285.52,711.12,285.52,711.15,272.69,711.15],"IndexInText":1052,"OcrConfidence":1.0,"Text":"901","VisualLineNumber":44,"TextType":"Text"},{"Box":[711.12,287.66,8.55,0.04],"Polygon":[287.66,711.12,296.21,711.12,296.21,711.15,287.66,711.15],"IndexInText":1056,"OcrConfidence":1.0,"Text":"33","VisualLineNumber":44,"TextType":"Text"},{"Box":[711.12,298.35,8.55,0.04],"Polygon":[298.35,711.12,306.9,711.12,306.9,711.15,298.35,711.15],"IndexInText":1059,"OcrConfidence":1.0,"Text":"66","VisualLineNumber":44,"TextType":"Text"},{"Box":[711.12,309.04,8.55,0.04],"Polygon":[309.04,711.12,317.59,711.12,317.59,711.15,309.04,711.15],"IndexInText":1062,"OcrConfidence":1.0,"Text":"99","VisualLineNumber":44,"TextType":"Text"},{"Box":[711.12,319.73,1.95,0.04],"Polygon":[319.73,711.12,321.67,711.12,321.67,711.15,319.73,711.15],"IndexInText":1065,"OcrConfidence":1.0,"Text":"/","VisualLineNumber":44,"TextType":"Text"},{"Box":[711.12,323.81,12.83,0.04],"Polygon":[323.81,711.12,336.64,711.12,336.64,711.15,323.81,711.15],"IndexInText":1067,"OcrConfidence":1.0,"Text":"911","VisualLineNumber":44,"TextType":"Text"},{"Box":[711.12,338.77,8.55,0.04],"Polygon":[338.77,711.12,347.33,711.12,347.33,711.15,338.77,711.15],"IndexInText":1071,"OcrConfidence":1.0,"Text":"81","VisualLineNumber":44,"TextType":"Text"},{"Box":[711.12,349.46,8.55,0.04],"Polygon":[349.46,711.12,358.02,711.12,358.02,711.15,349.46,711.15],"IndexInText":1074,"OcrConfidence":1.0,"Text":"40","VisualLineNumber":44,"TextType":"Text"},{"Box":[711.12,360.15,8.55,0.04],"Polygon":[360.15,711.12,368.7,711.12,368.7,711.15,360.15,711.15],"IndexInText":1077,"OcrConfidence":1.0,"Text":"45","VisualLineNumber":44,"TextType":"Text"}]}]},{"IndexInText":1081,"Language":"spa","Length":25,"Rotation":"None","SkewAngle":0.0,"Type":"Paragraph","WordGroups":[{"IndexInText":1081,"Length":25,"Type":"Other","Words":[{"Box":[719.93,272.69,79.08,0.04],"Polygon":[272.69,719.93,351.77,719.93,351.77,719.97,272.69,719.97],"IndexInText":1081,"OcrConfidence":1.0,"Text":"www.usuariosteleco.gob.es","VisualLineNumber":46,"TextType":"Text"}]}]},{"IndexInText":1108,"Language":"spa","Length":64,"Rotation":"None","SkewAngle":0.0,"Type":"Paragraph","WordGroups":[{"IndexInText":1108,"Length":64,"Type":"Other","Words":[{"Box":[732.49,272.69,20.23,0.04],"Polygon":[272.69,732.48,292.92,732.48,292.92,732.52,272.69,732.52],"IndexInText":1108,"OcrConfidence":1.0,"Text":"Oficina","VisualLineNumber":48,"TextType":"Text"},{"Box":[732.49,294.87,7.0,0.04],"Polygon":[294.87,732.48,301.87,732.48,301.87,732.52,294.87,732.52],"IndexInText":1116,"OcrConfidence":1.0,"Text":"de","VisualLineNumber":48,"TextType":"Text"},{"Box":[732.49,303.81,34.22,0.04],"Polygon":[303.81,732.48,338.04,732.48,338.04,732.52,303.81,732.52],"IndexInText":1119,"OcrConfidence":1.0,"Text":"Información","VisualLineNumber":48,"TextType":"Text"},{"Box":[732.49,339.98,3.11,0.04],"Polygon":[339.98,732.48,343.09,732.48,343.09,732.52,339.98,732.52],"IndexInText":1131,"OcrConfidence":1.0,"Text":"y","VisualLineNumber":48,"TextType":"Text"},{"Box":[732.49,345.04,25.28,0.04],"Polygon":[345.04,732.48,370.32,732.48,370.32,732.52,345.04,732.52],"IndexInText":1133,"OcrConfidence":1.0,"Text":"Atención","VisualLineNumber":48,"TextType":"Text"},{"Box":[732.49,372.27,5.45,0.04],"Polygon":[372.27,732.48,377.71,732.48,377.71,732.52,372.27,732.52],"IndexInText":1142,"OcrConfidence":1.0,"Text":"al","VisualLineNumber":48,"TextType":"Text"},{"Box":[732.49,379.66,30.34,0.04],"Polygon":[379.66,732.48,410.0,732.48,410.0,732.52,379.66,732.52],"IndexInText":1145,"OcrConfidence":1.0,"Text":"Ciudadano","VisualLineNumber":48,"TextType":"Text"},{"Box":[732.49,411.94,8.95,0.04],"Polygon":[411.94,732.48,420.89,732.48,420.89,732.52,411.94,732.52],"IndexInText":1155,"OcrConfidence":1.0,"Text":"del","VisualLineNumber":48,"TextType":"Text"},{"Box":[732.49,422.84,29.17,0.04],"Polygon":[422.84,732.48,452.0,732.48,452.0,732.52,422.84,732.52],"IndexInText":1159,"OcrConfidence":1.0,"Text":"Ministerio","VisualLineNumber":48,"TextType":"Text"},{"Box":[732.49,453.95,7.0,0.04],"Polygon":[453.95,732.48,460.95,732.48,460.95,732.52,453.95,732.52],"IndexInText":1170,"OcrConfidence":1.0,"Text":"de","VisualLineNumber":48,"TextType":"Text"}]}]},{"IndexInText":1174,"Language":"spa","Length":50,"Rotation":"None","SkewAngle":0.0,"Type":"Paragraph","WordGroups":[{"IndexInText":1174,"Length":50,"Type":"Other","Words":[{"Box":[739.37,272.69,25.28,0.04],"Polygon":[272.69,739.37,297.98,739.37,297.98,739.4,272.69,739.4],"IndexInText":1174,"OcrConfidence":1.0,"Text":"Sanidad,","VisualLineNumber":50,"TextType":"Text"},{"Box":[739.37,299.92,26.83,0.04],"Polygon":[299.92,739.37,326.75,739.37,326.75,739.4,299.92,739.4],"IndexInText":1183,"OcrConfidence":1.0,"Text":"Servicios","VisualLineNumber":50,"TextType":"Text"},{"Box":[739.37,328.7,24.89,0.04],"Polygon":[328.7,739.37,353.59,739.37,353.59,739.4,328.7,739.4],"IndexInText":1193,"OcrConfidence":1.0,"Text":"Sociales","VisualLineNumber":50,"TextType":"Text"},{"Box":[739.37,355.54,3.5,0.04],"Polygon":[355.54,739.37,359.04,739.37,359.04,739.4,355.54,739.4],"IndexInText":1202,"OcrConfidence":1.0,"Text":"e","VisualLineNumber":50,"TextType":"Text"},{"Box":[739.37,360.98,24.89,0.04],"Polygon":[360.98,739.37,385.88,739.37,385.88,739.4,360.98,739.4],"IndexInText":1204,"OcrConfidence":1.0,"Text":"Igualdad","VisualLineNumber":50,"TextType":"Text"},{"Box":[739.37,387.82,12.83,0.04],"Polygon":[387.82,739.37,400.65,739.37,400.65,739.4,387.82,739.4],"IndexInText":1213,"OcrConfidence":1.0,"Text":"901","VisualLineNumber":50,"TextType":"Text"},{"Box":[739.37,402.79,12.83,0.04],"Polygon":[402.79,739.37,415.62,739.37,415.62,739.4,402.79,739.4],"IndexInText":1217,"OcrConfidence":1.0,"Text":"400","VisualLineNumber":50,"TextType":"Text"},{"Box":[739.37,417.75,12.83,0.04],"Polygon":[417.75,739.37,430.58,739.37,430.58,739.4,417.75,739.4],"IndexInText":1221,"OcrConfidence":1.0,"Text":"100","VisualLineNumber":50,"TextType":"Text"}]}]},{"IndexInText":1226,"Language":"eng","Length":52,"Rotation":"None","SkewAngle":0.0,"Type":"Paragraph","WordGroups":[{"IndexInText":1226,"Length":52,"Type":"Other","Words":[{"Box":[746.25,272.69,160.76,0.04],"Polygon":[272.69,746.25,433.45,746.25,433.45,746.28,272.69,746.28],"IndexInText":1226,"OcrConfidence":1.0,"Text":"https://www.mscbs.gob.es/oficinaInformacion/home.htm","VisualLineNumber":51,"TextType":"Text"}]}]},{"IndexInText":1280,"Language":"yue","Length":13,"Rotation":"None","SkewAngle":0.0,"Type":"Paragraph","WordGroups":[{"IndexInText":1280,"Length":13,"Type":"Other","Words":[{"Box":[761.58,34.02,66.53,0.05],"Polygon":[34.02,761.58,100.54,761.58,100.54,761.63,34.02,761.63],"IndexInText":1280,"OcrConfidence":1.0,"Text":"WWW.YOIGO.COM","VisualLineNumber":54,"TextType":"Text"}]}]},{"IndexInText":1295,"Language":"spa","Length":57,"Rotation":"None","SkewAngle":0.0,"Type":"Paragraph","WordGroups":[{"IndexInText":1295,"Length":57,"Type":"Other","Words":[{"Box":[756.13,272.69,30.34,0.04],"Polygon":[272.69,756.13,303.03,756.13,303.03,756.16,272.69,756.16],"IndexInText":1295,"OcrConfidence":1.0,"Text":"Mediación","VisualLineNumber":53,"TextType":"Text"},{"Box":[756.13,304.98,7.0,0.04],"Polygon":[304.98,756.13,311.98,756.13,311.98,756.16,304.98,756.16],"IndexInText":1305,"OcrConfidence":1.0,"Text":"de","VisualLineNumber":53,"TextType":"Text"},{"Box":[756.13,313.92,30.72,0.04],"Polygon":[313.92,756.13,344.65,756.13,344.65,756.16,313.92,756.16],"IndexInText":1308,"OcrConfidence":1.0,"Text":"protección","VisualLineNumber":53,"TextType":"Text"},{"Box":[756.13,346.59,7.0,0.04],"Polygon":[346.59,756.13,353.59,756.13,353.59,756.16,346.59,756.16],"IndexInText":1319,"OcrConfidence":1.0,"Text":"de","VisualLineNumber":53,"TextType":"Text"},{"Box":[756.13,355.54,15.55,0.04],"Polygon":[355.54,756.13,371.09,756.13,371.09,756.16,355.54,756.16],"IndexInText":1322,"OcrConfidence":1.0,"Text":"datos","VisualLineNumber":53,"TextType":"Text"},{"Box":[756.13,373.04,43.56,0.04],"Polygon":[373.04,756.13,416.6,756.13,416.6,756.16,373.04,756.16],"IndexInText":1328,"OcrConfidence":1.0,"Text":"Autocontrol.91","VisualLineNumber":53,"TextType":"Text"},{"Box":[756.13,418.73,12.83,0.04],"Polygon":[418.73,756.13,431.56,756.13,431.56,756.16,418.73,756.16],"IndexInText":1343,"OcrConfidence":1.0,"Text":"309","VisualLineNumber":53,"TextType":"Text"},{"Box":[756.13,433.7,8.55,0.04],"Polygon":[433.7,756.13,442.25,756.13,442.25,756.16,433.7,756.16],"IndexInText":1347,"OcrConfidence":1.0,"Text":"66","VisualLineNumber":53,"TextType":"Text"},{"Box":[756.13,444.39,8.55,0.04],"Polygon":[444.39,756.13,452.94,756.13,452.94,756.16,444.39,756.16],"IndexInText":1350,"OcrConfidence":1.0,"Text":"37","VisualLineNumber":53,"TextType":"Text"}]}]},{"IndexInText":1354,"Language":"spa","Length":47,"Rotation":"None","SkewAngle":0.0,"Type":"Paragraph","WordGroups":[{"IndexInText":1354,"Length":47,"Type":"Other","Words":[{"Box":[763.01,272.69,138.59,0.04],"Polygon":[272.69,763.01,411.28,763.01,411.28,763.04,272.69,763.04],"IndexInText":1354,"OcrConfidence":1.0,"Text":"https://www.autocontrol.es/servicios/mediacion/","VisualLineNumber":55,"TextType":"Text"}]}]},{"IndexInText":1403,"Language":"spa","Length":64,"Rotation":"None","SkewAngle":0.0,"Type":"Paragraph","WordGroups":[{"IndexInText":1403,"Length":64,"Type":"Other","Words":[{"Box":[772.89,272.69,6.22,0.04],"Polygon":[272.69,772.89,278.92,772.89,278.92,772.92,272.69,772.92],"IndexInText":1403,"OcrConfidence":1.0,"Text":"El","VisualLineNumber":56,"TextType":"Text"},{"Box":[772.89,281.05,15.94,0.04],"Polygon":[281.05,772.89,296.99,772.89,296.99,772.92,281.05,772.92],"IndexInText":1406,"OcrConfidence":1.0,"Text":"coste","VisualLineNumber":56,"TextType":"Text"},{"Box":[772.89,299.12,7.39,0.04],"Polygon":[299.12,772.89,306.52,772.89,306.52,772.92,299.12,772.92],"IndexInText":1412,"OcrConfidence":1.0,"Text":"de","VisualLineNumber":56,"TextType":"Text"},{"Box":[772.89,308.65,48.22,0.04],"Polygon":[308.65,772.89,356.87,772.89,356.87,772.92,308.65,772.92],"IndexInText":1415,"OcrConfidence":1.0,"Text":"establecimiento","VisualLineNumber":56,"TextType":"Text"},{"Box":[772.89,359.01,3.11,0.04],"Polygon":[359.01,772.89,362.12,772.89,362.12,772.92,359.01,772.92],"IndexInText":1431,"OcrConfidence":1.0,"Text":"y","VisualLineNumber":56,"TextType":"Text"},{"Box":[772.89,364.25,24.12,0.04],"Polygon":[364.25,772.89,388.37,772.89,388.37,772.92,364.25,772.92],"IndexInText":1433,"OcrConfidence":1.0,"Text":"llamada","VisualLineNumber":56,"TextType":"Text"},{"Box":[772.89,390.5,31.9,0.04],"Polygon":[390.5,772.89,422.4,772.89,422.4,772.92,390.5,772.92],"IndexInText":1441,"OcrConfidence":1.0,"Text":"dependerá","VisualLineNumber":56,"TextType":"Text"},{"Box":[772.89,424.54,9.34,0.04],"Polygon":[424.54,772.89,433.87,772.89,433.87,772.92,424.54,772.92],"IndexInText":1451,"OcrConfidence":1.0,"Text":"del","VisualLineNumber":56,"TextType":"Text"},{"Box":[772.89,436.01,26.45,0.04],"Polygon":[436.01,772.89,462.46,772.89,462.46,772.92,436.01,772.92],"IndexInText":1455,"OcrConfidence":1.0,"Text":"operador","VisualLineNumber":56,"TextType":"Text"},{"Box":[772.89,464.59,11.28,0.04],"Polygon":[464.59,772.89,475.87,772.89,475.87,772.92,464.59,772.92],"IndexInText":1464,"OcrConfidence":1.0,"Text":"que","VisualLineNumber":56,"TextType":"Text"}]}]},{"IndexInText":1469,"Language":"fra","Length":9,"Rotation":"None","SkewAngle":0.0,"Type":"Paragraph","WordGroups":[{"IndexInText":1469,"Length":9,"Type":"Other","Words":[{"Box":[779.71,272.69,24.3,0.04],"Polygon":[272.69,779.71,297.0,779.71,297.0,779.74,272.69,779.74],"IndexInText":1469,"OcrConfidence":1.0,"Text":"utilices.","VisualLineNumber":57,"TextType":"Text"}]}]},{"IndexInText":1480,"Language":"spa","Length":134,"Rotation":"None","SkewAngle":0.0,"Type":"Footer","WordGroups":[{"IndexInText":1480,"Length":134,"Type":"Other","Words":[{"Box":[791.82,69.11,13.33,0.03],"Polygon":[69.11,791.82,82.44,791.82,82.44,791.85,69.11,791.85],"IndexInText":1480,"OcrConfidence":1.0,"Text":"Xfera","VisualLineNumber":58,"TextType":"Text"},{"Box":[791.82,84.27,19.66,0.03],"Polygon":[84.27,791.82,103.93,791.82,103.93,791.85,84.27,791.85],"IndexInText":1486,"OcrConfidence":1.0,"Text":"Móviles","VisualLineNumber":58,"TextType":"Text"},{"Box":[791.82,105.76,18.98,0.03],"Polygon":[105.76,791.82,124.74,791.82,124.74,791.85,105.76,791.85],"IndexInText":1494,"OcrConfidence":1.0,"Text":"S.A.U.,","VisualLineNumber":58,"TextType":"Text"},{"Box":[791.82,126.57,21.33,0.03],"Polygon":[126.57,791.82,147.9,791.82,147.9,791.85,126.57,791.85],"IndexInText":1502,"OcrConfidence":1.0,"Text":"Registro","VisualLineNumber":58,"TextType":"Text"},{"Box":[791.82,149.73,24.67,0.03],"Polygon":[149.73,791.82,174.4,791.82,174.4,791.85,149.73,791.85],"IndexInText":1511,"OcrConfidence":1.0,"Text":"Mercantil","VisualLineNumber":58,"TextType":"Text"},{"Box":[791.82,176.23,6.34,0.03],"Polygon":[176.23,791.82,182.57,791.82,182.57,791.85,176.23,791.85],"IndexInText":1521,"OcrConfidence":1.0,"Text":"de","VisualLineNumber":58,"TextType":"Text"},{"Box":[791.82,184.4,20.17,0.03],"Polygon":[184.4,791.82,204.56,791.82,204.56,791.85,184.4,791.85],"IndexInText":1524,"OcrConfidence":1.0,"Text":"Madrid,","VisualLineNumber":58,"TextType":"Text"},{"Box":[791.82,206.39,13.78,0.03],"Polygon":[206.39,791.82,220.17,791.82,220.17,791.85,206.39,791.85],"IndexInText":1532,"OcrConfidence":1.0,"Text":"Tomo","VisualLineNumber":58,"TextType":"Text"},{"Box":[791.82,222.0,20.16,0.03],"Polygon":[222.0,791.82,242.16,791.82,242.16,791.85,222.0,791.85],"IndexInText":1537,"OcrConfidence":1.0,"Text":"14.805","VisualLineNumber":58,"TextType":"Text"},{"Box":[791.82,243.99,12.67,0.03],"Polygon":[243.99,791.82,256.67,791.82,256.67,791.85,243.99,791.85],"IndexInText":1544,"OcrConfidence":1.0,"Text":"Folio","VisualLineNumber":58,"TextType":"Text"},{"Box":[791.82,258.5,12.83,0.03],"Polygon":[258.49,791.82,271.32,791.82,271.32,791.85,258.49,791.85],"IndexInText":1550,"OcrConfidence":1.0,"Text":"140,","VisualLineNumber":58,"TextType":"Text"},{"Box":[791.82,273.15,20.67,0.03],"Polygon":[273.15,791.82,293.82,791.82,293.82,791.85,273.15,791.85],"IndexInText":1555,"OcrConfidence":1.0,"Text":"Sección","VisualLineNumber":58,"TextType":"Text"},{"Box":[791.82,295.65,3.67,0.03],"Polygon":[295.65,791.82,299.32,791.82,299.32,791.85,295.65,791.85],"IndexInText":1563,"OcrConfidence":1.0,"Text":"8","VisualLineNumber":58,"TextType":"Text"},{"Box":[791.82,301.15,12.0,0.03],"Polygon":[301.15,791.82,313.15,791.82,313.15,791.85,301.15,791.85],"IndexInText":1565,"OcrConfidence":1.0,"Text":"Hoja","VisualLineNumber":58,"TextType":"Text"},{"Box":[791.82,314.98,32.65,0.03],"Polygon":[314.98,791.82,347.63,791.82,347.63,791.85,314.98,791.85],"IndexInText":1570,"OcrConfidence":1.0,"Text":"M-246.116,","VisualLineNumber":58,"TextType":"Text"},{"Box":[791.82,349.46,29.0,0.03],"Polygon":[349.46,791.82,378.46,791.82,378.46,791.85,349.46,791.85],"IndexInText":1581,"OcrConfidence":1.0,"Text":"Inscripción","VisualLineNumber":58,"TextType":"Text"},{"Box":[791.82,380.3,7.3,0.03],"Polygon":[380.3,791.82,387.59,791.82,387.59,791.85,380.3,791.85],"IndexInText":1593,"OcrConfidence":1.0,"Text":"1ª,","VisualLineNumber":58,"TextType":"Text"},{"Box":[791.82,389.42,13.82,0.03],"Polygon":[389.42,791.82,403.24,791.82,403.24,791.85,389.42,791.85],"IndexInText":1597,"OcrConfidence":1.0,"Text":"C.I.F.","VisualLineNumber":58,"TextType":"Text"},{"Box":[791.82,405.08,34.99,0.03],"Polygon":[405.08,791.82,440.07,791.82,440.07,791.85,405.08,791.85],"IndexInText":1604,"OcrConfidence":1.0,"Text":"A-82528548","VisualLineNumber":58,"TextType":"Text"}]}]}],"ProcessingSource":"Pdf","IndexInText":0,"TextLength":1614,"SkewAngle":0.0,"PageMetadata":[]},{"PageIndex":1,"Size":[0.0,0.0,516.0,807.0],"Sections":[{"IndexInText":1616,"Language":"por","Length":13,"Rotation":"None","SkewAngle":0.0,"Type":"Paragraph","WordGroups":[{"IndexInText":1616,"Length":13,"Type":"Other","Words":[{"Box":[71.98,448.47,16.2,0.03],"Polygon":[448.47,71.98,464.66,71.98,464.66,72.01,448.47,72.01],"IndexInText":1616,"OcrConfidence":1.0,"Text":"Página","VisualLineNumber":0,"TextType":"Text"},{"Box":[71.98,466.34,3.36,0.03],"Polygon":[466.34,71.98,469.7,71.98,469.7,72.01,466.34,72.01],"IndexInText":1623,"OcrConfidence":1.0,"Text":"2","VisualLineNumber":0,"TextType":"Text"},{"Box":[71.98,471.38,5.81,0.03],"Polygon":[471.38,71.98,477.19,71.98,477.19,72.01,471.38,72.01],"IndexInText":1625,"OcrConfidence":1.0,"Text":"de","VisualLineNumber":0,"TextType":"Text"},{"Box":[71.98,478.86,3.36,0.03],"Polygon":[478.86,71.98,482.22,71.98,482.22,72.01,478.86,72.01],"IndexInText":1628,"OcrConfidence":1.0,"Text":"2","VisualLineNumber":0,"TextType":"Text"}]}]},{"IndexInText":1631,"Language":"spa","Length":15,"Rotation":"None","SkewAngle":0.0,"Type":"Paragraph","WordGroups":[{"IndexInText":1631,"Length":15,"Type":"Heading","Words":[{"Box":[87.15,34.02,19.33,0.05],"Polygon":[34.02,87.15,53.34,87.15,53.34,87.19,34.02,87.19],"IndexInText":1631,"OcrConfidence":1.0,"Text":"Núm.","VisualLineNumber":1,"TextType":"Text"},{"Box":[87.15,55.78,8.45,0.05],"Polygon":[55.78,87.15,64.23,87.15,64.23,87.19,55.78,87.19],"IndexInText":1636,"OcrConfidence":1.0,"Text":"de","VisualLineNumber":1,"TextType":"Text"},{"Box":[87.15,66.67,26.22,0.05],"Polygon":[66.67,87.15,92.9,87.15,92.9,87.19,66.67,87.19],"IndexInText":1639,"OcrConfidence":1.0,"Text":"Factura","VisualLineNumber":1,"TextType":"Text"}]}]},{"IndexInText":1648,"Language":"fra","Length":14,"Rotation":"None","SkewAngle":0.0,"Type":"Paragraph","WordGroups":[{"IndexInText":1648,"Length":14,"Type":"Other","Words":[{"Box":[87.15,413.34,68.88,0.05],"Polygon":[413.34,87.15,482.22,87.15,482.22,87.19,413.34,87.19],"IndexInText":1648,"OcrConfidence":1.0,"Text":"01221D01567512","VisualLineNumber":1,"TextType":"Text"}]}]},{"IndexInText":1664,"Language":"spa","Length":18,"Rotation":"None","SkewAngle":0.0,"Type":"Paragraph","WordGroups":[{"IndexInText":1664,"Length":18,"Type":"Other","Words":[{"Box":[96.79,34.02,26.22,0.05],"Polygon":[34.02,96.79,60.24,96.79,60.24,96.84,34.02,96.84],"IndexInText":1664,"OcrConfidence":1.0,"Text":"Período","VisualLineNumber":2,"TextType":"Text"},{"Box":[96.79,62.68,8.45,0.05],"Polygon":[62.68,96.79,71.13,96.79,71.13,96.84,62.68,96.84],"IndexInText":1672,"OcrConfidence":1.0,"Text":"de","VisualLineNumber":2,"TextType":"Text"},{"Box":[96.79,73.57,31.11,0.05],"Polygon":[73.57,96.79,104.68,96.79,104.68,96.84,73.57,96.84],"IndexInText":1675,"OcrConfidence":1.0,"Text":"consumo","VisualLineNumber":2,"TextType":"Text"}]}]},{"IndexInText":1684,"Language":"ron","Length":26,"Rotation":"None","SkewAngle":0.0,"Type":"Paragraph","WordGroups":[{"IndexInText":1684,"Length":26,"Type":"Other","Words":[{"Box":[96.79,378.69,46.22,0.05],"Polygon":[378.69,96.79,424.9,96.79,424.9,96.84,378.69,96.84],"IndexInText":1684,"OcrConfidence":1.0,"Text":"01-Dic-2021","VisualLineNumber":2,"TextType":"Text"},{"Box":[96.79,427.34,6.22,0.05],"Polygon":[427.34,96.79,433.57,96.79,433.57,96.84,427.34,96.84],"IndexInText":1696,"OcrConfidence":1.0,"Text":"al","VisualLineNumber":2,"TextType":"Text"},{"Box":[96.79,436.01,46.22,0.05],"Polygon":[436.01,96.79,482.22,96.79,482.22,96.84,436.01,96.84],"IndexInText":1699,"OcrConfidence":1.0,"Text":"31-Dic-2021","VisualLineNumber":2,"TextType":"Text"}]}]},{"IndexInText":1712,"Language":"ita","Length":48,"Rotation":"None","SkewAngle":0.0,"Type":"Paragraph","WordGroups":[{"IndexInText":1712,"Length":48,"Type":"Other","Words":[{"Box":[127.07,34.02,16.67,0.08],"Polygon":[34.02,127.07,50.68,127.07,50.68,127.14,34.02,127.14],"IndexInText":1712,"OcrConfidence":1.0,"Text":"TU","VisualLineNumber":3,"TextType":"Text"},{"Box":[127.07,54.85,42.24,0.08],"Polygon":[54.85,127.07,97.09,127.07,97.09,127.14,54.85,127.14],"IndexInText":1715,"OcrConfidence":1.0,"Text":"TARIFA","VisualLineNumber":3,"TextType":"Text"},{"Box":[127.07,134.86,14.67,0.06],"Polygon":[134.86,127.07,149.54,127.07,149.54,127.12,134.86,127.12],"IndexInText":1722,"OcrConfidence":1.0,"Text":"Del","VisualLineNumber":3,"TextType":"Text"},{"Box":[127.07,152.59,56.25,0.06],"Polygon":[152.59,127.07,208.85,127.07,208.85,127.12,152.59,127.12],"IndexInText":1726,"OcrConfidence":1.0,"Text":"01-12-2021","VisualLineNumber":3,"TextType":"Text"},{"Box":[127.07,211.91,8.56,0.06],"Polygon":[211.91,127.07,220.46,127.07,220.46,127.12,211.91,127.12],"IndexInText":1737,"OcrConfidence":1.0,"Text":"al","VisualLineNumber":3,"TextType":"Text"},{"Box":[127.07,223.52,56.25,0.06],"Polygon":[223.52,127.07,279.78,127.07,279.78,127.12,223.52,127.12],"IndexInText":1740,"OcrConfidence":1.0,"Text":"31-12-2021","VisualLineNumber":3,"TextType":"Text"},{"Box":[127.07,407.16,75.06,0.08],"Polygon":[407.16,127.07,482.22,127.07,482.22,127.14,407.16,127.14],"IndexInText":1751,"OcrConfidence":1.0,"Text":"936778545","VisualLineNumber":3,"TextType":"Text"}]}]},{"IndexInText":1762,"Language":"spa","Length":39,"Rotation":"None","SkewAngle":0.0,"Type":"Paragraph","WordGroups":[{"IndexInText":1762,"Length":39,"Type":"Other","Words":[{"Box":[243.86,34.02,14.16,0.08],"Polygon":[34.02,243.86,48.18,243.86,48.18,243.94,34.02,243.94],"IndexInText":1762,"OcrConfidence":1.0,"Text":"EL","VisualLineNumber":4,"TextType":"Text"},{"Box":[243.86,52.35,61.68,0.08],"Polygon":[52.35,243.86,114.03,243.86,114.03,243.94,52.35,243.94],"IndexInText":1765,"OcrConfidence":1.0,"Text":"RESUMEN","VisualLineNumber":4,"TextType":"Text"},{"Box":[243.86,134.86,14.67,0.06],"Polygon":[134.86,243.86,149.54,243.86,149.54,243.92,134.86,243.92],"IndexInText":1773,"OcrConfidence":1.0,"Text":"Del","VisualLineNumber":4,"TextType":"Text"},{"Box":[243.86,152.59,56.25,0.06],"Polygon":[152.59,243.86,208.85,243.86,208.85,243.92,152.59,243.92],"IndexInText":1777,"OcrConfidence":1.0,"Text":"01-12-2021","VisualLineNumber":4,"TextType":"Text"},{"Box":[243.86,211.91,8.56,0.06],"Polygon":[211.91,243.86,220.46,243.86,220.46,243.92,211.91,243.92],"IndexInText":1788,"OcrConfidence":1.0,"Text":"al","VisualLineNumber":4,"TextType":"Text"},{"Box":[243.86,223.52,56.25,0.06],"Polygon":[223.52,243.86,279.78,243.86,279.78,243.92,223.52,243.92],"IndexInText":1791,"OcrConfidence":1.0,"Text":"31-12-2021","VisualLineNumber":4,"TextType":"Text"}]}]},{"IndexInText":1803,"Language":"tur","Length":9,"Rotation":"None","SkewAngle":0.0,"Type":"Paragraph","WordGroups":[{"IndexInText":1803,"Length":9,"Type":"Other","Words":[{"Box":[243.86,407.16,75.06,0.08],"Polygon":[407.16,243.86,482.22,243.86,482.22,243.94,407.16,243.94],"IndexInText":1803,"OcrConfidence":1.0,"Text":"936778545","VisualLineNumber":4,"TextType":"Text"}]}]},{"IndexInText":1814,"Language":"tur","Length":6,"Rotation":"None","SkewAngle":0.0,"Type":"Paragraph","WordGroups":[{"IndexInText":1814,"Length":6,"Type":"Heading","Words":[{"Box":[266.71,36.85,25.34,0.05],"Polygon":[36.85,266.71,62.19,266.71,62.19,266.76,36.85,266.76],"IndexInText":1814,"OcrConfidence":1.0,"Text":"TARIFA","VisualLineNumber":5,"TextType":"Text"}]}]},{"IndexInText":1822,"Language":"und","Length":4,"Rotation":"None","SkewAngle":0.0,"Type":"Paragraph","WordGroups":[{"IndexInText":1822,"Length":4,"Type":"Other","Words":[{"Box":[279.63,49.61,14.53,0.05],"Polygon":[49.61,279.63,64.13,279.63,64.13,279.67,49.61,279.67],"IndexInText":1822,"OcrConfidence":1.0,"Text":"Tipo","VisualLineNumber":6,"TextType":"Text"}]}]},{"IndexInText":1828,"Language":"por","Length":7,"Rotation":"None","SkewAngle":0.0,"Type":"Paragraph","WordGroups":[{"IndexInText":1828,"Length":7,"Type":"Other","Words":[{"Box":[279.63,213.84,27.1,0.05],"Polygon":[213.84,279.63,240.94,279.63,240.94,279.67,213.84,279.67],"IndexInText":1828,"OcrConfidence":1.0,"Text":"Importe","VisualLineNumber":6,"TextType":"Text"}]}]},{"IndexInText":1837,"Language":"dan","Length":17,"Rotation":"None","SkewAngle":0.0,"Type":"Paragraph","WordGroups":[{"IndexInText":1837,"Length":17,"Type":"Other","Words":[{"Box":[291.29,36.85,4.28,0.04],"Polygon":[36.85,291.29,41.13,291.29,41.13,291.33,36.85,291.33],"IndexInText":1837,"OcrConfidence":1.0,"Text":"1","VisualLineNumber":7,"TextType":"Text"},{"Box":[291.29,49.61,11.28,0.04],"Polygon":[49.61,291.29,60.89,291.29,60.89,291.33,49.61,291.33],"IndexInText":1839,"OcrConfidence":1.0,"Text":"Fijo","VisualLineNumber":7,"TextType":"Text"},{"Box":[291.29,63.03,4.2,0.04],"Polygon":[63.03,291.29,67.23,291.29,67.23,291.33,63.03,291.33],"IndexInText":1844,"OcrConfidence":1.0,"Text":"+","VisualLineNumber":7,"TextType":"Text"},{"Box":[291.29,69.36,24.11,0.04],"Polygon":[69.36,291.29,93.47,291.29,93.47,291.33,69.36,291.33],"IndexInText":1846,"OcrConfidence":1.0,"Text":"Internet","VisualLineNumber":7,"TextType":"Text"}]}]},{"IndexInText":1856,"Language":"tur","Length":5,"Rotation":"None","SkewAngle":0.0,"Type":"Paragraph","WordGroups":[{"IndexInText":1856,"Length":5,"Type":"Other","Words":[{"Box":[291.29,221.7,19.24,0.04],"Polygon":[221.7,291.29,240.94,291.29,240.94,291.33,221.7,291.33],"IndexInText":1856,"OcrConfidence":1.0,"Text":"38,84","VisualLineNumber":7,"TextType":"Text"}]}]},{"IndexInText":1863,"Language":"nld","Length":11,"Rotation":"None","SkewAngle":0.0,"Type":"Paragraph","WordGroups":[{"IndexInText":1863,"Length":11,"Type":"Other","Words":[{"Box":[305.63,185.93,16.74,0.05],"Polygon":[185.93,305.63,202.68,305.63,202.68,305.67,185.93,305.67],"IndexInText":1863,"OcrConfidence":1.0,"Text":"Total","VisualLineNumber":8,"TextType":"Text"},{"Box":[305.63,218.95,21.99,0.05],"Polygon":[218.95,305.63,240.94,305.63,240.94,305.67,218.95,305.67],"IndexInText":1869,"OcrConfidence":1.0,"Text":"38,84","VisualLineNumber":8,"TextType":"Text"}]}]},{"IndexInText":1876,"Language":"spa","Length":134,"Rotation":"None","SkewAngle":0.0,"Type":"Footer","WordGroups":[{"IndexInText":1876,"Length":134,"Type":"Other","Words":[{"Box":[791.82,72.03,13.33,0.03],"Polygon":[72.03,791.82,85.36,791.82,85.36,791.85,72.03,791.85],"IndexInText":1876,"OcrConfidence":1.0,"Text":"Xfera","VisualLineNumber":9,"TextType":"Text"},{"Box":[791.82,87.19,19.66,0.03],"Polygon":[87.19,791.82,106.85,791.82,106.85,791.85,87.19,791.85],"IndexInText":1882,"OcrConfidence":1.0,"Text":"Móviles","VisualLineNumber":9,"TextType":"Text"},{"Box":[791.82,108.68,18.98,0.03],"Polygon":[108.68,791.82,127.67,791.82,127.67,791.85,108.68,791.85],"IndexInText":1890,"OcrConfidence":1.0,"Text":"S.A.U.,","VisualLineNumber":9,"TextType":"Text"},{"Box":[791.82,129.5,21.33,0.03],"Polygon":[129.5,791.82,150.83,791.82,150.83,791.85,129.5,791.85],"IndexInText":1898,"OcrConfidence":1.0,"Text":"Registro","VisualLineNumber":9,"TextType":"Text"},{"Box":[791.82,152.66,24.67,0.03],"Polygon":[152.66,791.82,177.32,791.82,177.32,791.85,152.66,791.85],"IndexInText":1907,"OcrConfidence":1.0,"Text":"Mercantil","VisualLineNumber":9,"TextType":"Text"},{"Box":[791.82,179.15,6.34,0.03],"Polygon":[179.15,791.82,185.49,791.82,185.49,791.85,179.15,791.85],"IndexInText":1917,"OcrConfidence":1.0,"Text":"de","VisualLineNumber":9,"TextType":"Text"},{"Box":[791.82,187.32,20.17,0.03],"Polygon":[187.32,791.82,207.49,791.82,207.49,791.85,187.32,791.85],"IndexInText":1920,"OcrConfidence":1.0,"Text":"Madrid,","VisualLineNumber":9,"TextType":"Text"},{"Box":[791.82,209.32,13.78,0.03],"Polygon":[209.32,791.82,223.1,791.82,223.1,791.85,209.32,791.85],"IndexInText":1928,"OcrConfidence":1.0,"Text":"Tomo","VisualLineNumber":9,"TextType":"Text"},{"Box":[791.82,224.93,20.16,0.03],"Polygon":[224.93,791.82,245.09,791.82,245.09,791.85,224.93,791.85],"IndexInText":1933,"OcrConfidence":1.0,"Text":"14.805","VisualLineNumber":9,"TextType":"Text"},{"Box":[791.82,246.92,12.67,0.03],"Polygon":[246.92,791.82,259.59,791.82,259.59,791.85,246.92,791.85],"IndexInText":1940,"OcrConfidence":1.0,"Text":"Folio","VisualLineNumber":9,"TextType":"Text"},{"Box":[791.82,261.42,12.83,0.03],"Polygon":[261.42,791.82,274.25,791.82,274.25,791.85,261.42,791.85],"IndexInText":1946,"OcrConfidence":1.0,"Text":"140,","VisualLineNumber":9,"TextType":"Text"},{"Box":[791.82,276.08,20.67,0.03],"Polygon":[276.08,791.82,296.75,791.82,296.75,791.85,276.08,791.85],"IndexInText":1951,"OcrConfidence":1.0,"Text":"Sección","VisualLineNumber":9,"TextType":"Text"},{"Box":[791.82,298.58,3.67,0.03],"Polygon":[298.58,791.82,302.24,791.82,302.24,791.85,298.58,791.85],"IndexInText":1959,"OcrConfidence":1.0,"Text":"8","VisualLineNumber":9,"TextType":"Text"},{"Box":[791.82,304.07,12.0,0.03],"Polygon":[304.07,791.82,316.07,791.82,316.07,791.85,304.07,791.85],"IndexInText":1961,"OcrConfidence":1.0,"Text":"Hoja","VisualLineNumber":9,"TextType":"Text"},{"Box":[791.82,317.9,32.65,0.03],"Polygon":[317.9,791.82,350.56,791.82,350.56,791.85,317.9,791.85],"IndexInText":1966,"OcrConfidence":1.0,"Text":"M-246.116,","VisualLineNumber":9,"TextType":"Text"},{"Box":[791.82,352.39,29.0,0.03],"Polygon":[352.39,791.82,381.39,791.82,381.39,791.85,352.39,791.85],"IndexInText":1977,"OcrConfidence":1.0,"Text":"Inscripción","VisualLineNumber":9,"TextType":"Text"},{"Box":[791.82,383.22,7.3,0.03],"Polygon":[383.22,791.82,390.52,791.82,390.52,791.85,383.22,791.85],"IndexInText":1989,"OcrConfidence":1.0,"Text":"1ª,","VisualLineNumber":9,"TextType":"Text"},{"Box":[791.82,392.35,13.82,0.03],"Polygon":[392.35,791.82,406.17,791.82,406.17,791.85,392.35,791.85],"IndexInText":1993,"OcrConfidence":1.0,"Text":"C.I.F.","VisualLineNumber":9,"TextType":"Text"},{"Box":[791.82,408.0,34.99,0.03],"Polygon":[408.0,791.82,442.99,791.82,442.99,791.85,408.0,791.85],"IndexInText":2000,"OcrConfidence":1.0,"Text":"A-82528548","VisualLineNumber":9,"TextType":"Text"}]}]}],"ProcessingSource":"Pdf","IndexInText":1616,"TextLength":394,"SkewAngle":0.0,"PageMetadata":[]}],"DocumentMetadata":[]}