{"DocumentTypeId":"Factura.Factura.Yoigo","FormId":"3f1148c8","FormName":"y2","OriginalFileExtension":"pdf","Pages":[{"Page":0,"Size":[0.0,0.0,516.0,807.0],"SkewAngle":0.0,"Evidence":[{"Text":"Importe","Box":[265.87,390.03,27.1,0.05]},{"Text":"Descuentos","Box":[287.69,281.2,35.0,0.04]},{"Text":"TOTAL","Box":[297.88,281.2,20.15,0.04]},{"Text":"Total","Box":[320.45,281.2,14.53,0.04]},{"Text":"Imponible","Box":[320.45,314.77,30.73,0.04]},{"Text":"Impuestos","Box":[330.45,281.2,31.49,0.04]},{"Text":"Total","Box":[362.42,281.2,18.84,0.05]},{"Text":"pagar","Box":[362.42,310.02,21.5,0.05]}],"Fields":[],"Tables":[{"FieldId":"Factura.Factura.Yoigo.LIN","Headers":[{"FieldId":"Factura.Factura.Yoigo.LIN.PRE","Box":[0.0,0.0,0.0,0.0]},{"FieldId":"Factura.Factura.Yoigo.LIN.CAN","Box":[0.0,0.0,0.0,0.0]},{"FieldId":"Factura.Factura.Yoigo.LIN.POR_DTO","Box":[0.0,0.0,0.0,0.0]},{"FieldId":"Factura.Factura.Yoigo.LIN.DSC","Box":[0.0,0.0,0.0,0.0]},{"FieldId":"Factura.Factura.Yoigo.LIN.TIP_IVA","Box":[0.0,0.0,0.0,0.0]},{"FieldId":"Factura.Factura.Yoigo.LIN.APL_RET_IRP","Box":[0.0,0.0,0.0,0.0]}],"Cells":[{"Row":0,"Column":0,"Box":[267.9641,418.8497,56.5821,14.5903]},{"Row":0,"Column":2,"Box":[281.8428,421.3407,58.7172,9.9641]},{"Row":0,"Column":3,"Box":[269.0317,278.64,61.92,11.7434]},{"Row":0,"Column":4,"Box":[320.9876,327.3931,29.1807,13.8786]}]}]},{"Page":1,"Size":[0.0,0.0,516.0,807.0],"SkewAngle":0.0,"Evidence":[],"Fields":[],"Tables":[]}],"AnchorBasedConfiguration":{"AnchorBasedFieldConfiguration":[{"FieldId":"Factura.Factura.Yoigo.FCH","FieldDescriptors":[{"PageIndexAtDesignTime":0,"Offset":[-8.7587,99.4652,65.8133,11.4458],"Target":{"Text":"Fecha de Emisión","Area":[299.38,57.26,54.45,0.04]},"Anchors":[{"Text":"TUS DATOS","Area":[244.5,57.26,73.82,0.08]}]}]},{"FieldId":"Factura.Factura.Yoigo.FCH_REC","FieldDescriptors":[{"PageIndexAtDesignTime":0,"Offset":[-7.5129,72.4763,85.4346,10.6282],"Target":{"Text":"Fecha de Vencimiento","Area":[309.58,57.26,67.55,0.04]},"Anchors":[{"Text":"TUS DATOS","Area":[244.5,57.26,73.82,0.08]}]}]},{"FieldId":"Factura.Factura.Yoigo.NUM_FAC_PRV","FieldDescriptors":[{"PageIndexAtDesignTime":0,"Offset":[-9.8939,83.3527,83.3907,14.3072],"Target":{"Text":"Núm. de Factura","Area":[262.09,57.26,51.52,0.04]},"Anchors":[{"Text":"TUS DATOS","Area":[244.5,57.26,73.82,0.08]}]}]},{"FieldId":"Factura.Factura.Yoigo.PRV_CIF","FieldDescriptors":[{"PageIndexAtDesignTime":0,"Offset":[-7.7985,7.5428,44.5568,11.8546],"Target":{"Text":"C.I.F.","Area":[791.82,389.42,13.82,0.03]},"Anchors":[{"Text":"Xfera Móviles","Area":[791.82,69.11,34.82,0.03]}]}]},{"FieldId":"Factura.Factura.Yoigo.PRV_NOM","FieldDescriptors":[{"PageIndexAtDesignTime":0,"Offset":[-16.7916,-91.2122,64.1782,24.5267],"Target":{"Text":"Registro Mercantil","Area":[791.82,126.57,47.83,0.03]},"Anchors":[]}]}]}}