{"DocumentTypeId":"Factura.Factura.Yoigo","FormId":"de67ee17","FormName":"y1","OriginalFileExtension":"pdf","Pages":[{"Page":0,"Size":[0.0,0.0,516.0,807.0],"SkewAngle":0.0,"Evidence":[{"Text":"Importe","Box":[265.87,390.03,27.1,0.05]},{"Text":"TOTAL","Box":[287.88,281.2,20.15,0.04]},{"Text":"Total","Box":[310.45,281.2,14.53,0.04]},{"Text":"Imponible","Box":[310.45,314.77,30.73,0.04]},{"Text":"Impuestos","Box":[320.45,281.2,31.49,0.04]},{"Text":"Total","Box":[352.42,281.2,18.84,0.05]},{"Text":"pagar","Box":[352.42,310.02,21.5,0.05]}],"Fields":[],"Tables":[{"FieldId":"Factura.Factura.Yoigo.LIN","Headers":[{"FieldId":"Factura.Factura.Yoigo.LIN.PRE","Box":[0.0,0.0,0.0,0.0]},{"FieldId":"Factura.Factura.Yoigo.LIN.CAN","Box":[0.0,0.0,0.0,0.0]},{"FieldId":"Factura.Factura.Yoigo.LIN.POR_DTO","Box":[0.0,0.0,0.0,0.0]},{"FieldId":"Factura.Factura.Yoigo.LIN.DSC","Box":[0.0,0.0,0.0,0.0]},{"FieldId":"Factura.Factura.Yoigo.LIN.TIP_IVA","Box":[0.0,0.0,0.0,0.0]},{"FieldId":"Factura.Factura.Yoigo.LIN.APL_RET_IRP","Box":[0.0,0.0,0.0,0.0]}],"Cells":[{"Row":0,"Column":0,"Box":[268.6142,397.5275,77.1322,11.3271]},{"Row":0,"Column":3,"Box":[268.6142,279.402,58.7931,12.4059]},{"Row":0,"Column":4,"Box":[310.147,327.4073,28.5875,16.721]}]}]},{"Page":1,"Size":[0.0,0.0,516.0,807.0],"SkewAngle":0.0,"Evidence":[],"Fields":[],"Tables":[]}],"AnchorBasedConfiguration":{"AnchorBasedFieldConfiguration":[{"FieldId":"Factura.Factura.Yoigo.FCH","FieldDescriptors":[{"PageIndexAtDesignTime":0,"Offset":[-9.1675,91.6984,74.8064,13.0809],"Target":{"Text":"Fecha de Emisión","Area":[299.38,57.26,54.45,0.04]},"Anchors":[{"Text":"TUS DATOS","Area":[244.5,57.26,73.82,0.08]}]}]},{"FieldId":"Factura.Factura.Yoigo.FCH_REC","FieldDescriptors":[{"PageIndexAtDesignTime":0,"Offset":[-8.3305,83.1045,75.624,11.037],"Target":{"Text":"Fecha de Vencimiento","Area":[309.58,57.26,67.55,0.04]},"Anchors":[{"Text":"TUS DATOS","Area":[244.5,57.26,73.82,0.08]}]}]},{"FieldId":"Factura.Factura.Yoigo.NUM_FAC_PRV","FieldDescriptors":[{"PageIndexAtDesignTime":0,"Offset":[-10.7114,74.3596,91.5663,15.5336],"Target":{"Text":"Núm. de Factura","Area":[262.09,57.26,51.52,0.04]},"Anchors":[{"Text":"TUS DATOS","Area":[244.5,57.26,73.82,0.08]}]}]},{"FieldId":"Factura.Factura.Yoigo.PRV_CIF","FieldDescriptors":[{"PageIndexAtDesignTime":0,"Offset":[-8.6465,8.2095,40.9933,15.6422],"Target":{"Text":"C.I.F.","Area":[791.82,389.42,13.82,0.03]},"Anchors":[{"Text":"Xfera Móviles","Area":[791.82,69.11,34.82,0.03]}]}]},{"FieldId":"Factura.Factura.Yoigo.PRV_NOM","FieldDescriptors":[{"PageIndexAtDesignTime":0,"Offset":[-9.7253,-88.4556,62.5688,13.4847],"Target":{"Text":"Registro Mercantil","Area":[791.82,126.57,47.83,0.03]},"Anchors":[]}]}]}}