{"DocumentTypeId":"Factura.Factura.Mailjet","FormId":"2850c059","FormName":"mj1","OriginalFileExtension":"pdf","Pages":[{"Page":0,"Size":[0.0,0.0,612.0,792.0],"SkewAngle":-0.1,"Evidence":[{"Text":"Bill","Box":[166.06,37.16,14.42,8.96]},{"Text":"Usage","Box":[298.63,53.33,24.01,8.44]},{"Text":"Invoice","Box":[37.32,375.25,50.29,12.75]},{"Text":"Invoice","Box":[71.32,374.53,28.41,6.98]},{"Text":"Issue","Box":[89.59,374.5,19.75,6.83]},{"Text":"Due","Box":[107.45,374.47,15.75,6.83]}],"Fields":[],"Tables":[]},{"Page":1,"Size":[0.0,0.0,612.0,792.0],"SkewAngle":0.0,"Evidence":[{"Text":"Billed","Box":[224.8,76.27,21.87,6.93]},{"Text":"Total","Box":[53.6,436.27,20.8,6.93]},{"Text":"Quantity","Box":[103.2,401.6,32.0,7.47]},{"Text":"Subtotal","Box":[209.6,438.93,33.33,6.93]},{"Text":"SEGMENT","Box":[264.0,400.53,42.13,6.67]},{"Text":"Amount","Box":[103.2,530.13,29.07,6.13]}],"Fields":[],"Tables":[{"FieldId":"Factura.Factura.Mailjet.LIN","Headers":[{"FieldId":"Factura.Factura.Mailjet.LIN.PRE","Box":[0.0,0.0,0.0,0.0]},{"FieldId":"Factura.Factura.Mailjet.LIN.CAN","Box":[0.0,0.0,0.0,0.0]},{"FieldId":"Factura.Factura.Mailjet.LIN.POR_DTO","Box":[0.0,0.0,0.0,0.0]},{"FieldId":"Factura.Factura.Mailjet.LIN.DSC","Box":[0.0,0.0,0.0,0.0]},{"FieldId":"Factura.Factura.Mailjet.LIN.TIP_IVA","Box":[0.0,0.0,0.0,0.0]},{"FieldId":"Factura.Factura.Mailjet.LIN.PDF_B64","Box":[0.0,0.0,0.0,0.0]}],"Cells":[{"Row":0,"Column":0,"Box":[127.4648,497.1972,75.9724,37.1421]},{"Row":0,"Column":1,"Box":[128.309,390.8359,98.7641,32.9214]},{"Row":0,"Column":3,"Box":[127.4648,37.9862,340.1876,30.389]},{"Row":0,"Column":4,"Box":[232.9821,449.0814,29.5448,11.8179]}]}]},{"Page":2,"Size":[0.0,0.0,612.0,792.0],"SkewAngle":-0.1,"Evidence":[{"Text":"Subtotal","Box":[41.43,439.92,33.75,6.99]},{"Text":"VAT","Box":[68.53,382.14,18.01,6.83]},{"Text":"GRAND","Box":[100.72,411.55,31.88,6.99]},{"Text":"Payments","Box":[133.03,435.09,39.35,8.47]},{"Text":"DUE","Box":[160.0,456.11,17.75,6.83]}],"Fields":[],"Tables":[]}],"AnchorBasedConfiguration":{"AnchorBasedFieldConfiguration":[{"FieldId":"Factura.Factura.Mailjet.FCH","FieldDescriptors":[{"PageIndexAtDesignTime":0,"Offset":[-9.4553,127.4114,57.4014,18.9931],"Target":{"Text":"Issue Date","Area":[89.59,374.5,41.22,6.87]},"Anchors":[{"Text":"Invoice","Area":[37.32,375.25,50.29,12.75]}]}]},{"FieldId":"Factura.Factura.Mailjet.FCH_REC","FieldDescriptors":[{"PageIndexAtDesignTime":0,"Offset":[-9.1614,118.8947,68.3752,20.2593],"Target":{"Text":"Due Date","Area":[107.45,374.47,37.21,6.86]},"Anchors":[{"Text":"Invoice","Area":[37.32,375.25,50.29,12.75]}]}]},{"FieldId":"Factura.Factura.Mailjet.NUM_FAC_PRV","FieldDescriptors":[{"PageIndexAtDesignTime":0,"Offset":[-9.3793,111.1866,62.8883,18.9931],"Target":{"Text":"Invoice Number","Area":[71.24,374.53,63.48,7.12]},"Anchors":[{"Text":"Invoice","Area":[37.32,375.25,50.29,12.75]}]}]},{"FieldId":"Factura.Factura.Mailjet.PRV_CIF","FieldDescriptors":[{"PageIndexAtDesignTime":0,"Offset":[-3.7821,5.6267,29.5448,7.8083],"Target":{"Text":"VAT#•.","Area":[105.79,109.68,10.81,3.22]},"Anchors":[{"Text":"Mailjet Spain","Area":[88.59,109.71,23.34,4.04]}]}]},{"FieldId":"Factura.Factura.Mailjet.PRV_NOM","FieldDescriptors":[{"PageIndexAtDesignTime":0,"Offset":[-12.2134,25.2166,57.4014,23.6359],"Target":{"Text":"Billed From:","Area":[477.2,76.62,47.88,7.02]},"Anchors":[]}]},{"FieldId":"Factura.Factura.Mailjet.PRV_PAI","FieldDescriptors":[{"PageIndexAtDesignTime":0,"Offset":[-3.2829,7.9572,14.1393,6.331],"Target":{"Text":"Madrid","Area":[99.95,122.09,12.14,3.35]},"Anchors":[{"Text":"28006","Area":[100.19,109.69,11.07,3.09]},{"Text":"Mailjet Spain","Area":[88.59,109.71,23.34,4.04]}]}]},{"FieldId":"Factura.Factura.Mailjet.PRV_LLOC","FieldDescriptors":[{"PageIndexAtDesignTime":0,"Offset":[-3.3929,4.8536,15.1945,6.7531],"Target":{"Text":"28006","Area":[100.19,109.69,11.07,3.09]},"Anchors":[{"Text":"(Espafia)","Area":[99.84,135.55,15.61,4.16]},{"Text":"Mailjet Spain","Area":[88.59,109.71,23.34,4.04]}]}]},{"FieldId":"Factura.Factura.Mailjet.PRV_CPS","FieldDescriptors":[{"PageIndexAtDesignTime":0,"Offset":[-3.705,-20.5324,14.1393,6.331],"Target":{"Text":"Madrid","Area":[99.95,122.09,12.14,3.35]},"Anchors":[{"Text":"(Espafia)","Area":[99.84,135.55,15.61,4.16]}]}]},{"FieldId":"Factura.Factura.Mailjet.PRV_DIR","FieldDescriptors":[{"PageIndexAtDesignTime":0,"Offset":[-9.825,-20.7434,52.3366,7.3862],"Target":{"Text":"Madrid","Area":[99.95,122.09,12.14,3.35]},"Anchors":[{"Text":"Spain","Area":[88.61,123.04,10.01,4.02]}]}]},{"FieldId":"Factura.Factura.Mailjet.FPG","FieldDescriptors":[{"PageIndexAtDesignTime":2,"Offset":[-19.8437,-71.3221,51.8187,28.1484],"Target":{"Text":"payment:","Area":[243.56,204.36,35.88,8.06]},"Anchors":[]}]}]}}