{"DocumentId":"inv_9p68ytjjngt5k","ContentType":"application/pdf","Length":1817,"Pages":[{"PageIndex":0,"Size":[0.0,0.0,612.0,792.0],"Sections":[{"IndexInText":0,"Language":"eng","Length":84,"Rotation":"None","SkewAngle":-0.1,"Type":"Paragraph","WordGroups":[{"IndexInText":0,"Length":84,"Type":"Other","Words":[{"Box":[37.56,54.84,41.89,14.34],"Polygon":[54.87,37.56,96.73,37.63,96.71,51.9,54.84,51.83],"IndexInText":0,"OcrConfidence":-1.0,"Text":"mailjet","VisualLineNumber":0,"TextType":"Text"},{"Box":[39.79,109.66,12.41,4.02],"Polygon":[109.66,39.79,122.06,39.81,122.06,43.81,109.66,43.79],"IndexInText":8,"OcrConfidence":-1.0,"Text":"Mailjet","VisualLineNumber":0,"TextType":"Text"},{"Box":[45.52,109.78,6.54,3.21],"Polygon":[109.79,45.52,116.32,45.54,116.32,48.74,109.78,48.72],"IndexInText":16,"OcrConfidence":-1.0,"Text":"185","VisualLineNumber":0,"TextType":"Text"},{"Box":[45.54,117.38,13.21,3.22],"Polygon":[117.39,45.54,130.59,45.56,130.58,48.76,117.38,48.74],"IndexInText":20,"OcrConfidence":-1.0,"Text":"Alewife","VisualLineNumber":0,"TextType":"Text"},{"Box":[39.95,123.13,5.34,3.08],"Polygon":[123.13,39.95,128.46,39.96,128.46,43.02,123.13,43.01],"IndexInText":28,"OcrConfidence":-1.0,"Text":"lnc","VisualLineNumber":0,"TextType":"Text"},{"Box":[45.56,131.78,10.14,3.22],"Polygon":[131.79,45.56,141.92,45.58,141.92,48.78,131.78,48.76],"IndexInText":32,"OcrConfidence":-1.0,"Text":"Brook","VisualLineNumber":0,"TextType":"Text"},{"Box":[45.58,143.11,15.21,4.03],"Polygon":[143.12,45.58,158.32,45.61,158.31,49.61,143.11,49.58],"IndexInText":38,"OcrConfidence":-1.0,"Text":"Parkway","VisualLineNumber":0,"TextType":"Text"},{"Box":[45.61,159.38,8.94,3.22],"Polygon":[159.39,45.61,168.32,45.63,168.32,48.83,159.38,48.81],"IndexInText":46,"OcrConfidence":-1.0,"Text":"#410","VisualLineNumber":0,"TextType":"Text"},{"Box":[52.27,79.1,4.67,4.14],"Polygon":[79.11,52.27,83.78,52.28,83.77,56.41,79.1,56.4],"IndexInText":51,"OcrConfidence":-1.0,"Text":"by","VisualLineNumber":2,"TextType":"Text"},{"Box":[51.75,85.24,11.47,3.75],"Polygon":[85.24,51.75,96.71,51.77,96.7,55.5,85.24,55.48],"IndexInText":54,"OcrConfidence":-1.0,"Text":"stnch","VisualLineNumber":1,"TextType":"Text"},{"Box":[51.12,109.64,20.14,4.17],"Polygon":[109.64,51.12,129.78,51.16,129.77,55.29,109.64,55.26],"IndexInText":60,"OcrConfidence":-1.0,"Text":"Cambridge,","VisualLineNumber":1,"TextType":"Text"},{"Box":[51.29,131.11,5.87,2.94],"Polygon":[131.11,51.29,136.98,51.31,136.97,54.24,131.11,54.23],"IndexInText":71,"OcrConfidence":-1.0,"Text":"MA","VisualLineNumber":1,"TextType":"Text"},{"Box":[51.17,138.17,11.74,3.75],"Polygon":[138.18,51.17,149.91,51.19,149.9,54.93,138.17,54.91],"IndexInText":74,"OcrConfidence":-1.0,"Text":"02138,","VisualLineNumber":1,"TextType":"Text"},{"Box":[51.2,151.11,7.47,3.21],"Polygon":[151.11,51.2,158.58,51.21,158.57,54.41,151.11,54.4],"IndexInText":81,"OcrConfidence":-1.0,"Text":"USA","VisualLineNumber":1,"TextType":"Text"}]}]},{"IndexInText":86,"Language":"fra","Length":190,"Rotation":"None","SkewAngle":-0.1,"Type":"Paragraph","WordGroups":[{"IndexInText":86,"Length":153,"Type":"Sentence","Words":[{"Box":[59.13,38.96,12.01,4.02],"Polygon":[38.96,59.13,50.96,59.15,50.96,63.15,38.96,63.13],"IndexInText":86,"OcrConfidence":-1.0,"Text":"Mailjet","VisualLineNumber":3,"TextType":"Text"},{"Box":[59.29,52.16,7.47,3.08],"Polygon":[52.16,59.29,59.63,59.3,59.62,62.37,52.16,62.36],"IndexInText":94,"OcrConfidence":-1.0,"Text":"SAS","VisualLineNumber":3,"TextType":"Text"},{"Box":[61.26,109.75,12.27,4.02],"Polygon":[109.76,61.26,122.03,61.28,122.02,65.28,109.75,65.26],"IndexInText":98,"OcrConfidence":-1.0,"Text":"Mailjet","VisualLineNumber":4,"TextType":"Text"},{"Box":[61.41,123.09,10.14,3.22],"Polygon":[123.09,61.41,133.23,61.43,133.22,64.63,123.09,64.61],"IndexInText":106,"OcrConfidence":-1.0,"Text":"SAAS","VisualLineNumber":4,"TextType":"Text"},{"Box":[61.3,134.29,5.61,3.34],"Polygon":[134.29,61.3,139.89,61.31,139.89,64.64,134.29,64.63],"IndexInText":111,"OcrConfidence":-1.0,"Text":"Ltd","VisualLineNumber":4,"TextType":"Text"},{"Box":[64.87,38.81,2.94,3.61],"Polygon":[38.82,64.87,41.75,64.87,41.75,68.47,38.81,68.47],"IndexInText":115,"OcrConfidence":-1.0,"Text":"4,","VisualLineNumber":5,"TextType":"Text"},{"Box":[65.54,42.95,5.47,2.54],"Polygon":[42.95,65.54,48.42,65.55,48.41,68.08,42.95,68.07],"IndexInText":118,"OcrConfidence":-1.0,"Text":"rue","VisualLineNumber":5,"TextType":"Text"},{"Box":[64.75,49.35,9.61,3.35],"Polygon":[49.35,64.75,58.95,64.77,58.95,68.1,49.35,68.09],"IndexInText":122,"OcrConfidence":-1.0,"Text":"Jules","VisualLineNumber":5,"TextType":"Text"},{"Box":[64.77,60.28,15.07,3.36],"Polygon":[60.29,64.77,75.35,64.8,75.35,68.13,60.28,68.1],"IndexInText":128,"OcrConfidence":-1.0,"Text":"Lefebvre","VisualLineNumber":5,"TextType":"Text"},{"Box":[64.8,76.41,11.21,3.35],"Polygon":[76.42,64.8,87.62,64.82,87.61,68.15,76.41,68.13],"IndexInText":137,"OcrConfidence":-1.0,"Text":"75009","VisualLineNumber":5,"TextType":"Text"},{"Box":[64.82,88.95,8.81,3.22],"Polygon":[88.95,64.82,97.75,64.84,97.75,68.04,88.95,68.02],"IndexInText":143,"OcrConfidence":-1.0,"Text":"Paris","VisualLineNumber":5,"TextType":"Text"},{"Box":[67.12,109.74,4.27,3.34],"Polygon":[109.75,67.12,114.02,67.13,114.01,70.46,109.74,70.46],"IndexInText":149,"OcrConfidence":-1.0,"Text":"23","VisualLineNumber":6,"TextType":"Text"},{"Box":[67.13,115.34,22.01,3.91],"Polygon":[115.35,67.13,137.35,67.17,137.34,71.04,115.34,71.0],"IndexInText":152,"OcrConfidence":-1.0,"Text":"Copenhagen","VisualLineNumber":6,"TextType":"Text"},{"Box":[67.17,138.54,10.54,3.22],"Polygon":[138.55,67.17,149.08,67.19,149.08,70.39,138.54,70.37],"IndexInText":163,"OcrConfidence":-1.0,"Text":"Street","VisualLineNumber":6,"TextType":"Text"},{"Box":[70.47,38.8,10.67,3.22],"Polygon":[38.81,70.47,49.48,70.49,49.47,73.69,38.8,73.67],"IndexInText":170,"OcrConfidence":-1.0,"Text":"VAT#:","VisualLineNumber":7,"TextType":"Text"},{"Box":[70.49,50.8,29.34,3.25],"Polygon":[50.81,70.49,80.14,70.54,80.14,73.74,50.8,73.69],"IndexInText":176,"OcrConfidence":-1.0,"Text":"FR67524536992","VisualLineNumber":7,"TextType":"Text"},{"Box":[72.72,109.73,13.07,3.36],"Polygon":[109.74,72.72,122.81,72.75,122.8,76.08,109.73,76.06],"IndexInText":190,"OcrConfidence":-1.0,"Text":"London","VisualLineNumber":7,"TextType":"Text"},{"Box":[73.02,124.13,4.27,2.94],"Polygon":[124.14,73.02,128.41,73.02,128.4,75.96,124.13,75.95],"IndexInText":197,"OcrConfidence":-1.0,"Text":"NI","VisualLineNumber":7,"TextType":"Text"},{"Box":[72.89,130.27,6.67,3.08],"Polygon":[130.27,72.89,136.94,72.9,136.93,75.97,130.27,75.96],"IndexInText":200,"OcrConfidence":-1.0,"Text":"OJB","VisualLineNumber":7,"TextType":"Text"},{"Box":[76.2,38.93,7.07,3.21],"Polygon":[38.93,76.2,46.0,76.21,45.99,79.41,38.93,79.4],"IndexInText":204,"OcrConfidence":-1.0,"Text":"SAS","VisualLineNumber":8,"TextType":"Text"},{"Box":[77.02,47.2,4.14,2.27],"Polygon":[47.2,77.02,51.33,77.02,51.33,79.29,47.2,79.28],"IndexInText":208,"OcrConfidence":-1.0,"Text":"au","VisualLineNumber":8,"TextType":"Text"},{"Box":[75.96,52.53,11.61,4.29],"Polygon":[52.53,75.96,64.13,75.98,64.13,80.24,52.53,80.22],"IndexInText":211,"OcrConfidence":-1.0,"Text":"capital","VisualLineNumber":8,"TextType":"Text"},{"Box":[75.98,65.46,4.14,3.34],"Polygon":[65.47,75.98,69.6,75.99,69.6,79.32,65.46,79.31],"IndexInText":219,"OcrConfidence":-1.0,"Text":"de","VisualLineNumber":8,"TextType":"Text"},{"Box":[76.12,70.8,4.41,3.21],"Polygon":[70.8,76.12,75.2,76.13,75.19,79.33,70.79,79.32],"IndexInText":222,"OcrConfidence":-1.0,"Text":"78","VisualLineNumber":8,"TextType":"Text"},{"Box":[76.13,76.39,14.14,3.76],"Polygon":[76.4,76.13,90.53,76.16,90.53,79.89,76.39,79.87],"IndexInText":225,"OcrConfidence":-1.0,"Text":"669,66€","VisualLineNumber":8,"TextType":"Text"},{"Box":[78.59,109.72,10.67,3.09],"Polygon":[109.73,78.59,120.4,78.61,120.39,81.68,109.72,81.66],"IndexInText":233,"OcrConfidence":-1.0,"Text":"VAT#•.","VisualLineNumber":9,"TextType":"Text"}]},{"IndexInText":240,"Length":36,"Type":"Other","Words":[{"Box":[78.61,121.72,25.34,3.11],"Polygon":[121.73,78.61,147.06,78.66,147.06,81.72,121.72,81.68],"IndexInText":240,"OcrConfidence":-1.0,"Text":"GB224005952","VisualLineNumber":9,"TextType":"Text"},{"Box":[81.8,38.92,8.81,3.35],"Polygon":[38.92,81.8,47.72,81.82,47.72,85.15,38.92,85.13],"IndexInText":252,"OcrConfidence":-1.0,"Text":"Siret:","VisualLineNumber":10,"TextType":"Text"},{"Box":[81.95,49.18,6.27,3.21],"Polygon":[49.19,81.95,55.46,81.96,55.45,85.16,49.18,85.15],"IndexInText":259,"OcrConfidence":-1.0,"Text":"524","VisualLineNumber":10,"TextType":"Text"},{"Box":[81.97,56.78,6.54,3.21],"Polygon":[56.79,81.97,63.32,81.98,63.32,85.18,56.78,85.17],"IndexInText":263,"OcrConfidence":-1.0,"Text":"536","VisualLineNumber":10,"TextType":"Text"},{"Box":[81.85,64.38,6.67,3.35],"Polygon":[64.39,81.85,71.06,81.86,71.05,85.19,64.38,85.18],"IndexInText":267,"OcrConfidence":-1.0,"Text":"992","VisualLineNumber":10,"TextType":"Text"},{"Box":[81.86,72.12,11.07,3.35],"Polygon":[72.12,81.86,83.19,81.88,83.18,85.21,72.12,85.19],"IndexInText":271,"OcrConfidence":-1.0,"Text":"00067","VisualLineNumber":10,"TextType":"Text"}]}]},{"IndexInText":278,"Language":"fra","Length":34,"Rotation":"None","SkewAngle":-0.1,"Type":"Paragraph","WordGroups":[{"IndexInText":278,"Length":34,"Type":"Other","Words":[{"Box":[87.67,39.04,8.01,3.08],"Polygon":[39.05,87.67,47.05,87.68,47.04,90.75,39.04,90.73],"IndexInText":278,"OcrConfidence":-1.0,"Text":"RCS:","VisualLineNumber":11,"TextType":"Text"},{"Box":[87.68,48.24,8.81,3.08],"Polygon":[48.25,87.68,57.05,87.7,57.04,90.77,48.24,90.75],"IndexInText":283,"OcrConfidence":-1.0,"Text":"Paris","VisualLineNumber":11,"TextType":"Text"},{"Box":[87.57,58.38,2.27,3.2],"Polygon":[58.38,87.57,60.65,87.57,60.64,90.77,58.38,90.77],"IndexInText":289,"OcrConfidence":-1.0,"Text":"B","VisualLineNumber":11,"TextType":"Text"},{"Box":[87.57,61.98,6.27,3.21],"Polygon":[61.98,87.57,68.25,87.59,68.24,90.79,61.98,90.77],"IndexInText":291,"OcrConfidence":-1.0,"Text":"524","VisualLineNumber":11,"TextType":"Text"},{"Box":[87.59,69.71,6.41,3.21],"Polygon":[69.71,87.59,76.11,87.6,76.11,90.8,69.71,90.79],"IndexInText":295,"OcrConfidence":-1.0,"Text":"536","VisualLineNumber":11,"TextType":"Text"},{"Box":[87.6,77.31,6.54,3.21],"Polygon":[77.31,87.6,83.85,87.61,83.84,90.81,77.31,90.8],"IndexInText":299,"OcrConfidence":-1.0,"Text":"992","VisualLineNumber":11,"TextType":"Text"},{"Box":[89.08,84.91,1.07,0.67],"Polygon":[84.91,89.08,85.98,89.08,85.98,89.75,84.91,89.75],"IndexInText":303,"OcrConfidence":-1.0,"Text":"-","VisualLineNumber":12,"TextType":"Text"},{"Box":[87.62,86.91,7.47,3.21],"Polygon":[86.91,87.62,94.38,87.63,94.37,90.83,86.91,90.82],"IndexInText":305,"OcrConfidence":-1.0,"Text":"APE","VisualLineNumber":11,"TextType":"Text"},{"Box":[87.63,95.57,5.87,3.21],"Polygon":[95.58,87.63,101.45,87.64,101.44,90.84,95.57,90.83],"IndexInText":309,"OcrConfidence":-1.0,"Text":"631","VisualLineNumber":11,"TextType":"Text"}]}]},{"IndexInText":314,"Language":"fra","Length":57,"Rotation":"None","SkewAngle":-0.1,"Type":"Paragraph","WordGroups":[{"IndexInText":314,"Length":45,"Type":"Sentence","Words":[{"Box":[97.8,39.02,11.87,4.02],"Polygon":[39.03,97.8,50.9,97.82,50.89,101.82,39.02,101.8],"IndexInText":314,"OcrConfidence":-1.0,"Text":"Mailjet","VisualLineNumber":14,"TextType":"Text"},{"Box":[97.82,52.22,10.94,3.09],"Polygon":[52.23,97.82,63.16,97.84,63.16,100.91,52.22,100.89],"IndexInText":322,"OcrConfidence":-1.0,"Text":"GmbH","VisualLineNumber":14,"TextType":"Text"},{"Box":[103.27,38.88,18.27,3.37],"Polygon":[38.89,103.27,57.15,103.3,57.15,106.63,38.88,106.6],"IndexInText":327,"OcrConfidence":-1.0,"Text":"Ait-Moabit","VisualLineNumber":16,"TextType":"Text"},{"Box":[103.43,58.21,2.94,3.74],"Polygon":[58.22,103.43,61.15,103.44,61.15,107.17,58.21,107.17],"IndexInText":338,"OcrConfidence":-1.0,"Text":"2,","VisualLineNumber":16,"TextType":"Text"},{"Box":[103.31,62.35,11.07,3.35],"Polygon":[62.35,103.31,73.42,103.33,73.41,106.66,62.35,106.64],"IndexInText":341,"OcrConfidence":-1.0,"Text":"10557","VisualLineNumber":16,"TextType":"Text"},{"Box":[103.33,74.75,9.74,3.22],"Polygon":[74.75,103.33,84.49,103.35,84.48,106.55,74.75,106.53],"IndexInText":347,"OcrConfidence":-1.0,"Text":"Berlin","VisualLineNumber":16,"TextType":"Text"},{"Box":[109.13,38.74,10.67,3.22],"Polygon":[38.74,109.13,49.41,109.15,49.4,112.35,38.74,112.33],"IndexInText":354,"OcrConfidence":-1.0,"Text":"VAT#.","VisualLineNumber":18,"TextType":"Text"}]},{"IndexInText":360,"Length":11,"Type":"Other","Words":[{"Box":[109.02,50.74,24.94,3.38],"Polygon":[50.74,109.02,75.68,109.06,75.67,112.4,50.74,112.35],"IndexInText":360,"OcrConfidence":-1.0,"Text":"DE293795947","VisualLineNumber":18,"TextType":"Text"}]}]},{"IndexInText":373,"Language":"spa","Length":84,"Rotation":"None","SkewAngle":-0.1,"Type":"Paragraph","WordGroups":[{"IndexInText":373,"Length":72,"Type":"Sentence","Words":[{"Box":[88.59,109.71,12.27,4.02],"Polygon":[109.71,88.59,121.98,88.61,121.97,92.61,109.71,92.59],"IndexInText":373,"OcrConfidence":-1.0,"Text":"Mailjet","VisualLineNumber":12,"TextType":"Text"},{"Box":[88.61,123.04,10.01,4.02],"Polygon":[123.05,88.61,133.05,88.63,133.04,92.63,123.04,92.61],"IndexInText":381,"OcrConfidence":-1.0,"Text":"Spain","VisualLineNumber":12,"TextType":"Text"},{"Box":[94.32,109.7,8.67,3.35],"Polygon":[109.7,94.32,118.37,94.34,118.36,97.67,109.7,97.66],"IndexInText":387,"OcrConfidence":-1.0,"Text":"Calle","VisualLineNumber":13,"TextType":"Text"},{"Box":[94.34,119.56,13.61,3.36],"Polygon":[119.57,94.34,133.17,94.37,133.16,97.7,119.56,97.67],"IndexInText":393,"OcrConfidence":-1.0,"Text":"Serrano","VisualLineNumber":13,"TextType":"Text"},{"Box":[94.37,134.5,5.07,3.61],"Polygon":[134.5,94.37,139.57,94.38,139.56,97.98,134.5,97.97],"IndexInText":401,"OcrConfidence":-1.0,"Text":"90,","VisualLineNumber":13,"TextType":"Text"},{"Box":[94.38,140.9,3.21,3.21],"Polygon":[140.9,94.38,144.1,94.38,144.1,97.58,140.9,97.58],"IndexInText":405,"OcrConfidence":-1.0,"Text":"60","VisualLineNumber":13,"TextType":"Text"},{"Box":[94.25,145.43,11.74,4.02],"Polygon":[145.44,94.25,157.17,94.27,157.16,98.27,145.43,98.25],"IndexInText":408,"OcrConfidence":-1.0,"Text":"planta,","VisualLineNumber":13,"TextType":"Text"},{"Box":[100.19,109.69,11.07,3.09],"Polygon":[109.69,100.19,120.76,100.21,120.75,103.28,109.69,103.26],"IndexInText":416,"OcrConfidence":-1.0,"Text":"28006","VisualLineNumber":15,"TextType":"Text"},{"Box":[99.95,122.09,12.14,3.35],"Polygon":[122.09,99.95,134.23,99.97,134.22,103.3,122.09,103.28],"IndexInText":422,"OcrConfidence":-1.0,"Text":"Madrid","VisualLineNumber":15,"TextType":"Text"},{"Box":[99.84,135.55,15.61,4.16],"Polygon":[135.56,99.84,151.16,99.86,151.15,104.0,135.55,103.97],"IndexInText":429,"OcrConfidence":-1.0,"Text":"(Espafia)","VisualLineNumber":15,"TextType":"Text"},{"Box":[105.79,109.68,10.81,3.22],"Polygon":[109.68,105.79,120.48,105.81,120.48,109.01,109.68,108.99],"IndexInText":439,"OcrConfidence":-1.0,"Text":"VAT#•.","VisualLineNumber":17,"TextType":"Text"}]},{"IndexInText":446,"Length":11,"Type":"Other","Words":[{"Box":[105.81,121.81,24.94,3.11],"Polygon":[121.82,105.81,146.75,105.86,146.74,108.92,121.81,108.88],"IndexInText":446,"OcrConfidence":-1.0,"Text":"ESB87790879","VisualLineNumber":17,"TextType":"Text"}]}]},{"IndexInText":459,"Language":"eng","Length":28,"Rotation":"None","SkewAngle":-0.1,"Type":"Paragraph","WordGroups":[{"IndexInText":459,"Length":28,"Type":"Other","Words":[{"Box":[166.06,37.16,14.42,8.96],"Polygon":[37.18,166.06,51.58,166.09,51.56,175.02,37.16,175.0],"IndexInText":459,"OcrConfidence":-1.0,"Text":"Bill","VisualLineNumber":20,"TextType":"Text"},{"Box":[165.96,55.69,16.68,9.36],"Polygon":[55.71,165.96,72.38,165.99,72.36,175.33,55.69,175.3],"IndexInText":464,"OcrConfidence":-1.0,"Text":"To:","VisualLineNumber":20,"TextType":"Text"},{"Box":[187.66,36.59,39.21,7.0],"Polygon":[36.61,187.66,75.81,187.73,75.79,194.67,36.59,194.6],"IndexInText":468,"OcrConfidence":-1.0,"Text":"ZENSTAR","VisualLineNumber":21,"TextType":"Text"},{"Box":[187.74,78.46,19.35,7.9],"Polygon":[78.47,187.74,97.81,187.77,97.79,195.64,78.46,195.6],"IndexInText":476,"OcrConfidence":-1.0,"Text":"PRO,","VisualLineNumber":21,"TextType":"Text"},{"Box":[187.77,99.93,12.81,6.82],"Polygon":[99.94,187.77,112.74,187.8,112.73,194.6,99.93,194.57],"IndexInText":481,"OcrConfidence":-1.0,"Text":"S.L.","VisualLineNumber":21,"TextType":"Text"},{"Box":[191.13,115.0,2.54,1.07],"Polygon":[115.0,191.13,117.53,191.14,117.53,192.2,115.0,192.2],"IndexInText":486,"OcrConfidence":-1.0,"Text":"-","VisualLineNumber":21,"TextType":"Text"}]}]},{"IndexInText":489,"Language":"spa","Length":51,"Rotation":"None","SkewAngle":-0.1,"Type":"Paragraph","WordGroups":[{"IndexInText":489,"Length":51,"Type":"Other","Words":[{"Box":[205.53,36.96,46.68,7.01],"Polygon":[36.97,205.53,83.64,205.61,83.63,212.55,36.96,212.46],"IndexInText":489,"OcrConfidence":-1.0,"Text":"B67130666","VisualLineNumber":22,"TextType":"Text"},{"Box":[221.93,36.67,19.48,7.1],"Polygon":[36.68,221.93,56.15,221.96,56.13,229.03,36.67,229.0],"IndexInText":499,"OcrConfidence":-1.0,"Text":"Calle","VisualLineNumber":23,"TextType":"Text"},{"Box":[221.97,58.67,54.68,8.23],"Polygon":[58.68,221.97,113.35,222.06,113.33,230.2,58.67,230.1],"IndexInText":505,"OcrConfidence":-1.0,"Text":"Floridablanca,","VisualLineNumber":23,"TextType":"Text"},{"Box":[222.07,115.73,14.68,6.83],"Polygon":[115.75,222.07,130.41,222.09,130.4,228.89,115.73,228.87],"IndexInText":520,"OcrConfidence":-1.0,"Text":"n98","VisualLineNumber":23,"TextType":"Text"},{"Box":[236.33,37.04,40.68,8.2],"Polygon":[37.05,236.33,77.72,236.4,77.71,244.54,37.04,244.46],"IndexInText":524,"OcrConfidence":-1.0,"Text":"Barcelona,","VisualLineNumber":24,"TextType":"Text"},{"Box":[236.54,79.98,25.48,6.84],"Polygon":[79.99,236.54,105.45,236.58,105.44,243.38,79.98,243.34],"IndexInText":535,"OcrConfidence":-1.0,"Text":"08015","VisualLineNumber":24,"TextType":"Text"}]}]},{"IndexInText":542,"Language":"und","Length":2,"Rotation":"None","SkewAngle":-0.1,"Type":"Paragraph","WordGroups":[{"IndexInText":542,"Length":2,"Type":"Other","Words":[{"Box":[250.73,37.02,9.08,6.82],"Polygon":[37.03,250.73,46.1,250.75,46.08,257.55,37.02,257.53],"IndexInText":542,"OcrConfidence":-1.0,"Text":"ES","VisualLineNumber":25,"TextType":"Text"}]}]},{"IndexInText":546,"Language":"eng","Length":11,"Rotation":"None","SkewAngle":-0.1,"Type":"Paragraph","WordGroups":[{"IndexInText":546,"Length":11,"Type":"Heading","Words":[{"Box":[298.63,53.33,24.01,8.44],"Polygon":[53.35,298.63,77.35,298.67,77.33,307.07,53.33,307.03],"IndexInText":546,"OcrConfidence":-1.0,"Text":"Usage","VisualLineNumber":26,"TextType":"Text"},{"Box":[317.43,53.3,21.61,7.64],"Polygon":[53.31,317.43,74.91,317.46,74.9,325.06,53.3,325.03],"IndexInText":552,"OcrConfidence":-1.0,"Text":"Usage","VisualLineNumber":28,"TextType":"Text"}]}]},{"IndexInText":559,"Language":"und","Length":4,"Rotation":"None","SkewAngle":-0.1,"Type":"Paragraph","WordGroups":[{"IndexInText":559,"Length":4,"Type":"Other","Words":[{"Box":[355.56,53.64,15.61,6.16],"Polygon":[53.65,355.56,69.25,355.59,69.24,361.72,53.64,361.69],"IndexInText":559,"OcrConfidence":-1.0,"Text":"Item","VisualLineNumber":29,"TextType":"Text"}]}]},{"IndexInText":565,"Language":"fra","Length":8,"Rotation":"None","SkewAngle":-0.1,"Type":"Paragraph","WordGroups":[{"IndexInText":565,"Length":8,"Type":"Heading","Words":[{"Box":[396.36,53.43,37.75,8.33],"Polygon":[53.44,396.36,91.17,396.43,91.16,404.69,53.43,404.63],"IndexInText":565,"OcrConfidence":-1.0,"Text":"Messages","VisualLineNumber":30,"TextType":"Text"}]}]},{"IndexInText":575,"Language":"zlm","Length":23,"Rotation":"None","SkewAngle":-0.1,"Type":"Paragraph","WordGroups":[{"IndexInText":575,"Length":23,"Type":"Other","Words":[{"Box":[414.76,53.13,4.14,6.14],"Polygon":[53.14,414.76,57.28,414.77,57.27,420.9,53.13,420.89],"IndexInText":575,"OcrConfidence":-1.0,"Text":"2","VisualLineNumber":31,"TextType":"Text"},{"Box":[414.77,59.27,12.01,6.15],"Polygon":[59.28,414.77,71.28,414.79,71.27,420.92,59.27,420.9],"IndexInText":577,"OcrConfidence":-1.0,"Text":"Jan","VisualLineNumber":31,"TextType":"Text"},{"Box":[414.66,73.53,18.41,6.3],"Polygon":[73.54,414.66,91.94,414.69,91.93,420.96,73.53,420.93],"IndexInText":581,"OcrConfidence":-1.0,"Text":"2022","VisualLineNumber":31,"TextType":"Text"},{"Box":[417.9,94.2,2.27,0.94],"Polygon":[94.2,417.9,96.47,417.9,96.47,418.83,94.2,418.83],"IndexInText":586,"OcrConfidence":-1.0,"Text":"-","VisualLineNumber":31,"TextType":"Text"},{"Box":[414.71,98.73,4.14,6.14],"Polygon":[98.74,414.71,102.88,414.71,102.87,420.85,98.73,420.84],"IndexInText":588,"OcrConfidence":-1.0,"Text":"2","VisualLineNumber":31,"TextType":"Text"},{"Box":[414.58,105.4,12.68,6.29],"Polygon":[105.41,414.58,118.08,414.61,118.07,420.87,105.4,420.85],"IndexInText":590,"OcrConfidence":-1.0,"Text":"Feb","VisualLineNumber":31,"TextType":"Text"},{"Box":[414.74,120.2,18.54,6.17],"Polygon":[120.21,414.74,138.74,414.78,138.73,420.91,120.2,420.88],"IndexInText":594,"OcrConfidence":-1.0,"Text":"2022","VisualLineNumber":31,"TextType":"Text"}]}]},{"IndexInText":600,"Language":"ita","Length":7,"Rotation":"None","SkewAngle":-0.1,"Type":"Paragraph","WordGroups":[{"IndexInText":600,"Length":7,"Type":"Heading","Words":[{"Box":[37.32,375.25,50.29,12.75],"Polygon":[375.27,37.32,425.54,37.41,425.51,50.08,375.25,49.99],"IndexInText":600,"OcrConfidence":-1.0,"Text":"Invoice","VisualLineNumber":0,"TextType":"Text"}]}]},{"IndexInText":609,"Language":"eng","Length":25,"Rotation":"None","SkewAngle":-0.1,"Type":"Paragraph","WordGroups":[{"IndexInText":609,"Length":25,"Type":"Heading","Words":[{"Box":[71.32,374.53,28.41,6.98],"Polygon":[374.54,71.32,402.94,71.37,402.93,78.3,374.53,78.25],"IndexInText":609,"OcrConfidence":-1.0,"Text":"Invoice","VisualLineNumber":7,"TextType":"Text"},{"Box":[71.24,405.46,32.55,7.12],"Polygon":[405.48,71.24,438.01,71.3,438.0,78.36,405.46,78.31],"IndexInText":617,"OcrConfidence":-1.0,"Text":"Number","VisualLineNumber":7,"TextType":"Text"},{"Box":[89.59,374.5,19.75,6.83],"Polygon":[374.51,89.59,394.24,89.62,394.23,96.42,374.5,96.39],"IndexInText":624,"OcrConfidence":-1.0,"Text":"Issue","VisualLineNumber":12,"TextType":"Text"},{"Box":[89.63,396.77,18.95,6.83],"Polygon":[396.78,89.63,415.71,89.66,415.7,96.46,396.77,96.43],"IndexInText":630,"OcrConfidence":-1.0,"Text":"Date","VisualLineNumber":12,"TextType":"Text"}]}]},{"IndexInText":636,"Language":"ita","Length":8,"Rotation":"None","SkewAngle":-0.1,"Type":"Paragraph","WordGroups":[{"IndexInText":636,"Length":8,"Type":"Heading","Words":[{"Box":[107.45,374.47,15.75,6.83],"Polygon":[374.48,107.45,390.21,107.48,390.2,114.28,374.47,114.25],"IndexInText":636,"OcrConfidence":-1.0,"Text":"Due","VisualLineNumber":18,"TextType":"Text"},{"Box":[107.48,392.73,18.95,6.83],"Polygon":[392.75,107.48,411.68,107.52,411.67,114.32,392.73,114.28],"IndexInText":640,"OcrConfidence":-1.0,"Text":"Date","VisualLineNumber":18,"TextType":"Text"}]}]},{"IndexInText":646,"Language":"und","Length":4,"Rotation":"None","SkewAngle":-0.1,"Type":"Paragraph","WordGroups":[{"IndexInText":646,"Length":4,"Type":"Other","Words":[{"Box":[144.43,397.73,24.28,8.04],"Polygon":[397.75,144.43,422.02,144.47,422.0,152.47,397.73,152.43],"IndexInText":646,"OcrConfidence":-1.0,"Text":"pAID","VisualLineNumber":19,"TextType":"Text"}]}]},{"IndexInText":652,"Language":"ron","Length":19,"Rotation":"None","SkewAngle":-0.1,"Type":"Paragraph","WordGroups":[{"IndexInText":652,"Length":19,"Type":"Other","Words":[{"Box":[71.47,534.53,41.48,6.87],"Polygon":[534.54,71.47,576.01,71.54,576.0,78.34,534.53,78.27],"IndexInText":652,"OcrConfidence":-1.0,"Text":"#1360164","VisualLineNumber":7,"TextType":"Text"},{"Box":[89.6,532.5,4.55,6.81],"Polygon":[532.51,89.6,537.04,89.6,537.03,96.4,532.5,96.4],"IndexInText":661,"OcrConfidence":-1.0,"Text":"2","VisualLineNumber":12,"TextType":"Text"},{"Box":[89.47,539.7,13.88,6.96],"Polygon":[539.71,89.47,553.58,89.5,553.57,96.43,539.7,96.41],"IndexInText":663,"OcrConfidence":-1.0,"Text":"Feb","VisualLineNumber":12,"TextType":"Text"},{"Box":[89.64,555.97,20.28,6.84],"Polygon":[555.98,89.64,576.24,89.67,576.23,96.47,555.97,96.44],"IndexInText":667,"OcrConfidence":-1.0,"Text":"2022","VisualLineNumber":12,"TextType":"Text"}]}]},{"IndexInText":673,"Language":"ron","Length":10,"Rotation":"None","SkewAngle":-0.1,"Type":"Paragraph","WordGroups":[{"IndexInText":673,"Length":10,"Type":"Other","Words":[{"Box":[107.46,532.47,4.55,6.81],"Polygon":[532.48,107.46,537.01,107.47,537.0,114.27,532.47,114.26],"IndexInText":673,"OcrConfidence":-1.0,"Text":"2","VisualLineNumber":18,"TextType":"Text"},{"Box":[107.34,539.67,14.01,6.96],"Polygon":[539.68,107.34,553.68,107.37,553.67,114.3,539.67,114.27],"IndexInText":675,"OcrConfidence":-1.0,"Text":"Feb","VisualLineNumber":18,"TextType":"Text"},{"Box":[107.5,555.93,20.28,6.84],"Polygon":[555.95,107.5,576.21,107.54,576.2,114.34,555.93,114.3],"IndexInText":679,"OcrConfidence":-1.0,"Text":"2022","VisualLineNumber":18,"TextType":"Text"}]}]},{"IndexInText":685,"Language":"fra","Length":10,"Rotation":"None","SkewAngle":-0.1,"Type":"Paragraph","WordGroups":[{"IndexInText":685,"Length":10,"Type":"Other","Words":[{"Box":[144.5,513.47,32.42,9.26],"Polygon":[513.48,144.5,545.88,144.55,545.87,153.75,513.47,153.7],"IndexInText":685,"OcrConfidence":-1.0,"Text":"€21,72","VisualLineNumber":19,"TextType":"Text"},{"Box":[145.09,550.13,18.15,7.37],"Polygon":[550.15,145.09,568.28,145.12,568.27,152.46,550.13,152.43],"IndexInText":692,"OcrConfidence":-1.0,"Text":"EUR","VisualLineNumber":19,"TextType":"Text"}]}]},{"IndexInText":697,"Language":"nld","Length":5,"Rotation":"None","SkewAngle":-0.1,"Type":"Paragraph","WordGroups":[{"IndexInText":697,"Length":5,"Type":"Other","Words":[{"Box":[305.96,436.79,20.68,6.97],"Polygon":[436.8,305.96,457.47,306.0,457.45,312.93,436.79,312.9],"IndexInText":697,"OcrConfidence":-1.0,"Text":"Total","VisualLineNumber":27,"TextType":"Text"}]}]},{"IndexInText":704,"Language":"ita","Length":8,"Rotation":"None","SkewAngle":-0.1,"Type":"Paragraph","WordGroups":[{"IndexInText":704,"Length":8,"Type":"Other","Words":[{"Box":[355.5,401.9,32.01,7.66],"Polygon":[401.91,355.5,433.91,355.56,433.9,363.16,401.9,363.1],"IndexInText":704,"OcrConfidence":-1.0,"Text":"Quantity","VisualLineNumber":29,"TextType":"Text"}]}]},{"IndexInText":714,"Language":"und","Length":3,"Rotation":"None","SkewAngle":-0.1,"Type":"Paragraph","WordGroups":[{"IndexInText":714,"Length":3,"Type":"Other","Words":[{"Box":[396.33,418.23,15.21,6.83],"Polygon":[418.24,396.33,433.44,396.36,433.43,403.16,418.23,403.13],"IndexInText":714,"OcrConfidence":-1.0,"Text":"408","VisualLineNumber":30,"TextType":"Text"}]}]},{"IndexInText":719,"Language":"nld","Length":5,"Rotation":"None","SkewAngle":-0.1,"Type":"Paragraph","WordGroups":[{"IndexInText":719,"Length":5,"Type":"Other","Words":[{"Box":[306.0,536.65,22.68,8.17],"Polygon":[536.67,306.0,559.33,306.04,559.32,314.18,536.65,314.14],"IndexInText":719,"OcrConfidence":-1.0,"Text":"€o,oo","VisualLineNumber":27,"TextType":"Text"}]}]},{"IndexInText":726,"Language":"eng","Length":6,"Rotation":"None","SkewAngle":-0.1,"Type":"Paragraph","WordGroups":[{"IndexInText":726,"Length":6,"Type":"Other","Words":[{"Box":[355.59,530.57,29.08,6.18],"Polygon":[530.58,355.59,559.65,355.64,559.64,361.78,530.57,361.73],"IndexInText":726,"OcrConfidence":-1.0,"Text":"Amount","VisualLineNumber":29,"TextType":"Text"}]}]},{"IndexInText":734,"Language":"nld","Length":5,"Rotation":"None","SkewAngle":-0.1,"Type":"Paragraph","WordGroups":[{"IndexInText":734,"Length":5,"Type":"Other","Words":[{"Box":[396.27,537.43,22.55,8.04],"Polygon":[537.44,396.27,559.98,396.31,559.96,404.31,537.43,404.27],"IndexInText":734,"OcrConfidence":-1.0,"Text":"€o,oo","VisualLineNumber":30,"TextType":"Text"}]}]},{"IndexInText":741,"Language":"eng","Length":24,"Rotation":"None","SkewAngle":-0.1,"Type":"Paragraph","WordGroups":[{"IndexInText":741,"Length":24,"Type":"Other","Words":[{"Box":[477.2,76.62,22.01,6.97],"Polygon":[76.63,477.2,98.63,477.24,98.62,484.17,76.62,484.13],"IndexInText":741,"OcrConfidence":-1.0,"Text":"Billed","VisualLineNumber":32,"TextType":"Text"},{"Box":[477.38,101.42,23.08,6.84],"Polygon":[101.43,477.38,124.5,477.42,124.49,484.22,101.42,484.18],"IndexInText":748,"OcrConfidence":-1.0,"Text":"From:","VisualLineNumber":32,"TextType":"Text"},{"Box":[477.29,127.15,27.08,8.45],"Polygon":[127.17,477.29,154.23,477.34,154.22,485.74,127.15,485.69],"IndexInText":754,"OcrConfidence":-1.0,"Text":"Mailjet","VisualLineNumber":32,"TextType":"Text"},{"Box":[477.34,156.36,15.21,6.83],"Polygon":[156.37,477.34,171.57,477.37,171.56,484.17,156.36,484.14],"IndexInText":762,"OcrConfidence":-1.0,"Text":"SAS","VisualLineNumber":32,"TextType":"Text"}]}]}],"ProcessingSource":"Ocr","IndexInText":0,"TextLength":765,"SkewAngle":-0.1,"PageMetadata":[]},{"PageIndex":1,"Size":[0.0,0.0,612.0,792.0],"Sections":[{"IndexInText":767,"Language":"fra","Length":20,"Rotation":"None","SkewAngle":0.0,"Type":"Paragraph","WordGroups":[{"IndexInText":767,"Length":20,"Type":"Heading","Words":[{"Box":[46.4,52.8,28.27,6.67],"Polygon":[52.93,46.4,81.07,46.4,81.07,53.2,52.93,53.2],"IndexInText":767,"OcrConfidence":-1.0,"Text":"Bronze","VisualLineNumber":0,"TextType":"Text"},{"Box":[46.13,83.47,36.0,6.93],"Polygon":[83.6,46.27,119.47,46.27,119.47,53.2,83.6,53.2],"IndexInText":774,"OcrConfidence":-1.0,"Text":"Premium","VisualLineNumber":0,"TextType":"Text"},{"Box":[65.07,53.07,18.67,6.13],"Polygon":[53.2,65.07,71.73,65.07,71.73,71.33,53.2,71.33],"IndexInText":782,"OcrConfidence":-1.0,"Text":"Plans","VisualLineNumber":2,"TextType":"Text"}]}]},{"IndexInText":789,"Language":"und","Length":4,"Rotation":"None","SkewAngle":0.0,"Type":"Paragraph","WordGroups":[{"IndexInText":789,"Length":4,"Type":"Other","Words":[{"Box":[103.2,53.33,15.47,6.13],"Polygon":[53.33,103.33,68.8,103.33,68.8,109.47,53.33,109.47],"IndexInText":789,"OcrConfidence":-1.0,"Text":"Item","VisualLineNumber":3,"TextType":"Text"}]}]},{"IndexInText":795,"Language":"ron","Length":36,"Rotation":"None","SkewAngle":0.0,"Type":"Paragraph","WordGroups":[{"IndexInText":795,"Length":36,"Type":"Other","Words":[{"Box":[144.0,53.07,27.47,6.67],"Polygon":[53.07,144.13,80.53,144.13,80.53,150.8,53.07,150.8],"IndexInText":795,"OcrConfidence":-1.0,"Text":"Bronze","VisualLineNumber":4,"TextType":"Text"},{"Box":[144.0,83.2,34.67,6.67],"Polygon":[83.33,144.0,118.0,144.0,118.0,150.8,83.33,150.8],"IndexInText":802,"OcrConfidence":-1.0,"Text":"Premium","VisualLineNumber":4,"TextType":"Text"},{"Box":[162.4,52.8,4.0,6.13],"Polygon":[52.8,162.4,56.93,162.4,56.93,168.53,52.8,168.53],"IndexInText":810,"OcrConfidence":-1.0,"Text":"2","VisualLineNumber":5,"TextType":"Text"},{"Box":[162.4,59.47,12.53,6.13],"Polygon":[59.47,162.4,72.13,162.4,72.13,168.67,59.47,168.67],"IndexInText":812,"OcrConfidence":-1.0,"Text":"Feb","VisualLineNumber":5,"TextType":"Text"},{"Box":[162.4,74.13,29.33,6.13],"Polygon":[74.27,162.4,103.6,162.4,103.6,168.67,74.27,168.67],"IndexInText":816,"OcrConfidence":-1.0,"Text":"2022-2","VisualLineNumber":5,"TextType":"Text"},{"Box":[162.4,106.13,14.4,6.13],"Polygon":[106.13,162.53,120.53,162.53,120.53,168.67,106.13,168.67],"IndexInText":823,"OcrConfidence":-1.0,"Text":"Mar","VisualLineNumber":5,"TextType":"Text"},{"Box":[162.4,122.4,18.67,6.13],"Polygon":[122.53,162.4,141.07,162.4,141.07,168.67,122.53,168.67],"IndexInText":827,"OcrConfidence":-1.0,"Text":"2022","VisualLineNumber":5,"TextType":"Text"}]}]},{"IndexInText":833,"Language":"eng","Length":24,"Rotation":"None","SkewAngle":0.0,"Type":"Paragraph","WordGroups":[{"IndexInText":833,"Length":24,"Type":"Other","Words":[{"Box":[224.8,76.27,21.87,6.93],"Polygon":[76.27,224.93,98.27,224.93,98.27,231.87,76.27,231.87],"IndexInText":833,"OcrConfidence":-1.0,"Text":"Billed","VisualLineNumber":7,"TextType":"Text"},{"Box":[225.07,101.07,22.93,6.67],"Polygon":[101.07,225.07,124.0,225.07,124.0,231.87,101.07,231.87],"IndexInText":840,"OcrConfidence":-1.0,"Text":"From:","VisualLineNumber":7,"TextType":"Text"},{"Box":[224.8,126.93,26.93,8.53],"Polygon":[126.93,224.93,153.87,224.93,153.87,233.47,126.93,233.47],"IndexInText":846,"OcrConfidence":-1.0,"Text":"Mailjet","VisualLineNumber":7,"TextType":"Text"},{"Box":[225.07,155.73,15.2,6.67],"Polygon":[155.87,225.07,171.07,225.07,171.07,231.87,155.87,231.87],"IndexInText":854,"OcrConfidence":-1.0,"Text":"SAS","VisualLineNumber":7,"TextType":"Text"}]}]},{"IndexInText":859,"Language":"nld","Length":5,"Rotation":"None","SkewAngle":0.0,"Type":"Paragraph","WordGroups":[{"IndexInText":859,"Length":5,"Type":"Other","Words":[{"Box":[53.6,436.27,20.8,6.93],"Polygon":[436.4,53.73,457.07,53.73,457.07,60.67,436.4,60.67],"IndexInText":859,"OcrConfidence":-1.0,"Text":"Total","VisualLineNumber":1,"TextType":"Text"}]}]},{"IndexInText":866,"Language":"ita","Length":8,"Rotation":"None","SkewAngle":0.0,"Type":"Paragraph","WordGroups":[{"IndexInText":866,"Length":8,"Type":"Other","Words":[{"Box":[103.2,401.6,32.0,7.47],"Polygon":[401.6,103.2,433.6,103.2,433.6,110.8,401.6,110.8],"IndexInText":866,"OcrConfidence":-1.0,"Text":"Quantity","VisualLineNumber":3,"TextType":"Text"}]}]},{"IndexInText":876,"Language":"und","Length":1,"Rotation":"None","SkewAngle":0.0,"Type":"Paragraph","WordGroups":[{"IndexInText":876,"Length":1,"Type":"Other","Words":[{"Box":[144.0,429.07,4.0,6.67],"Polygon":[429.07,144.13,433.07,144.13,433.07,150.8,429.07,150.8],"IndexInText":876,"OcrConfidence":-1.0,"Text":"1","VisualLineNumber":4,"TextType":"Text"}]}]},{"IndexInText":879,"Language":"ron","Length":8,"Rotation":"None","SkewAngle":0.0,"Type":"Paragraph","WordGroups":[{"IndexInText":879,"Length":8,"Type":"Other","Words":[{"Box":[209.6,438.93,33.33,6.93],"Polygon":[438.93,209.73,472.4,209.73,472.4,216.67,438.93,216.67],"IndexInText":879,"OcrConfidence":-1.0,"Text":"Subtotal","VisualLineNumber":6,"TextType":"Text"}]}]},{"IndexInText":889,"Language":"eng","Length":37,"Rotation":"None","SkewAngle":0.0,"Type":"Paragraph","WordGroups":[{"IndexInText":889,"Length":37,"Type":"Other","Words":[{"Box":[237.07,381.07,17.87,6.67],"Polygon":[381.07,237.07,399.07,237.07,399.07,243.87,381.07,243.87],"IndexInText":889,"OcrConfidence":-1.0,"Text":"VAT","VisualLineNumber":8,"TextType":"Text"},{"Box":[240.27,401.07,2.67,1.33],"Polygon":[401.07,240.4,403.73,240.4,403.73,241.6,401.07,241.6],"IndexInText":893,"OcrConfidence":-1.0,"Text":"-","VisualLineNumber":8,"TextType":"Text"},{"Box":[236.8,405.87,21.6,8.53],"Polygon":[405.87,236.93,427.6,236.93,427.6,245.33,405.87,245.33],"IndexInText":895,"OcrConfidence":-1.0,"Text":"Spain","VisualLineNumber":8,"TextType":"Text"},{"Box":[236.53,430.13,16.8,8.53],"Polygon":[430.13,236.67,447.07,236.67,447.07,245.2,430.13,245.2],"IndexInText":901,"OcrConfidence":-1.0,"Text":"(ES):","VisualLineNumber":8,"TextType":"Text"},{"Box":[237.07,449.33,24.53,6.67],"Polygon":[449.33,237.07,473.87,237.07,473.87,243.87,449.33,243.87],"IndexInText":907,"OcrConfidence":-1.0,"Text":"21.0%","VisualLineNumber":8,"TextType":"Text"},{"Box":[264.0,400.53,42.13,6.67],"Polygon":[400.53,264.0,442.67,264.0,442.67,270.8,400.53,270.8],"IndexInText":913,"OcrConfidence":-1.0,"Text":"SEGMENT","VisualLineNumber":9,"TextType":"Text"},{"Box":[264.0,444.27,28.8,6.67],"Polygon":[444.27,264.0,473.2,264.0,473.2,270.8,444.27,270.8],"IndexInText":921,"OcrConfidence":-1.0,"Text":"TOTAL","VisualLineNumber":9,"TextType":"Text"}]}]},{"IndexInText":928,"Language":"tur","Length":6,"Rotation":"None","SkewAngle":0.0,"Type":"Paragraph","WordGroups":[{"IndexInText":928,"Length":6,"Type":"Other","Words":[{"Box":[53.87,531.73,27.73,8.0],"Polygon":[531.87,53.87,559.6,53.87,559.6,61.87,531.87,61.87],"IndexInText":928,"OcrConfidence":-1.0,"Text":"€21,72","VisualLineNumber":1,"TextType":"Text"}]}]},{"IndexInText":936,"Language":"eng","Length":6,"Rotation":"None","SkewAngle":0.0,"Type":"Paragraph","WordGroups":[{"IndexInText":936,"Length":6,"Type":"Other","Words":[{"Box":[103.2,530.13,29.07,6.13],"Polygon":[530.13,103.33,559.2,103.33,559.2,109.47,530.13,109.47],"IndexInText":936,"OcrConfidence":-1.0,"Text":"Amount","VisualLineNumber":3,"TextType":"Text"}]}]},{"IndexInText":944,"Language":"tur","Length":6,"Rotation":"None","SkewAngle":0.0,"Type":"Paragraph","WordGroups":[{"IndexInText":944,"Length":6,"Type":"Other","Words":[{"Box":[144.0,531.73,27.47,7.73],"Polygon":[531.87,144.0,559.2,144.0,559.2,151.87,531.87,151.87],"IndexInText":944,"OcrConfidence":-1.0,"Text":"€17,95","VisualLineNumber":4,"TextType":"Text"}]}]},{"IndexInText":952,"Language":"tur","Length":6,"Rotation":"None","SkewAngle":0.0,"Type":"Paragraph","WordGroups":[{"IndexInText":952,"Length":6,"Type":"Other","Words":[{"Box":[209.87,531.73,27.47,7.73],"Polygon":[531.87,209.87,559.2,209.87,559.2,217.73,531.87,217.73],"IndexInText":952,"OcrConfidence":-1.0,"Text":"€17,95","VisualLineNumber":6,"TextType":"Text"}]}]},{"IndexInText":960,"Language":"tur","Length":12,"Rotation":"None","SkewAngle":0.0,"Type":"Paragraph","WordGroups":[{"IndexInText":960,"Length":12,"Type":"Other","Words":[{"Box":[237.07,537.07,22.4,8.0],"Polygon":[537.07,237.07,559.6,237.07,559.6,245.07,537.07,245.07],"IndexInText":960,"OcrConfidence":-1.0,"Text":"€3,77","VisualLineNumber":8,"TextType":"Text"},{"Box":[264.0,531.73,27.47,7.73],"Polygon":[531.87,264.0,559.33,264.0,559.33,271.87,531.87,271.87],"IndexInText":966,"OcrConfidence":-1.0,"Text":"€21,72","VisualLineNumber":9,"TextType":"Text"}]}]}],"ProcessingSource":"Ocr","IndexInText":767,"TextLength":205,"SkewAngle":0.0,"PageMetadata":[]},{"PageIndex":2,"Size":[0.0,0.0,612.0,792.0],"Sections":[{"IndexInText":974,"Language":"eng","Length":64,"Rotation":"None","SkewAngle":-0.1,"Type":"Paragraph","WordGroups":[{"IndexInText":974,"Length":64,"Type":"Other","Words":[{"Box":[41.4,36.86,2.81,3.2],"Polygon":[36.86,41.4,39.66,41.4,39.66,44.6,36.86,44.6],"IndexInText":974,"OcrConfidence":-1.0,"Text":"*","VisualLineNumber":0,"TextType":"Text"},{"Box":[41.54,41.65,10.15,6.82],"Polygon":[41.66,41.54,51.79,41.56,51.78,48.36,41.65,48.34],"IndexInText":976,"OcrConfidence":-1.0,"Text":"All","VisualLineNumber":0,"TextType":"Text"},{"Box":[41.56,54.58,27.48,6.85],"Polygon":[54.59,41.56,82.06,41.61,82.05,48.41,54.58,48.36],"IndexInText":980,"OcrConfidence":-1.0,"Text":"invoice","VisualLineNumber":0,"TextType":"Text"},{"Box":[41.48,84.18,21.08,6.97],"Polygon":[84.19,41.48,105.26,41.52,105.25,48.45,84.18,48.41],"IndexInText":988,"OcrConfidence":-1.0,"Text":"dates","VisualLineNumber":0,"TextType":"Text"},{"Box":[41.52,107.78,20.55,6.97],"Polygon":[107.79,41.52,128.33,41.56,128.32,48.49,107.78,48.45],"IndexInText":994,"OcrConfidence":-1.0,"Text":"listed","VisualLineNumber":0,"TextType":"Text"},{"Box":[41.56,130.98,23.35,6.84],"Polygon":[130.99,41.56,154.33,41.6,154.32,48.4,130.98,48.36],"IndexInText":1001,"OcrConfidence":-1.0,"Text":"above","VisualLineNumber":0,"TextType":"Text"},{"Box":[41.47,156.72,25.21,6.98],"Polygon":[156.73,41.47,181.93,41.52,181.92,48.45,156.72,48.41],"IndexInText":1007,"OcrConfidence":-1.0,"Text":"reflect","VisualLineNumber":0,"TextType":"Text"},{"Box":[43.52,184.18,3.74,4.94],"Polygon":[184.19,43.52,187.92,43.53,187.92,48.46,184.18,48.45],"IndexInText":1015,"OcrConfidence":-1.0,"Text":"a","VisualLineNumber":0,"TextType":"Text"},{"Box":[41.4,190.71,24.41,8.58],"Polygon":[190.73,41.4,215.13,41.44,215.11,49.97,190.71,49.93],"IndexInText":1017,"OcrConfidence":-1.0,"Text":"period","VisualLineNumber":0,"TextType":"Text"},{"Box":[41.58,217.78,7.75,6.81],"Polygon":[217.79,41.58,225.53,41.59,225.52,48.39,217.78,48.38],"IndexInText":1024,"OcrConfidence":-1.0,"Text":"of","VisualLineNumber":0,"TextType":"Text"},{"Box":[41.46,227.78,34.28,8.46],"Polygon":[227.79,41.46,262.06,41.52,262.05,49.92,227.78,49.86],"IndexInText":1027,"OcrConfidence":-1.0,"Text":"midnight","VisualLineNumber":0,"TextType":"Text"},{"Box":[42.06,264.05,8.01,6.41],"Polygon":[264.06,42.06,272.06,42.07,272.05,48.47,264.05,48.46],"IndexInText":1036,"OcrConfidence":-1.0,"Text":"to","VisualLineNumber":0,"TextType":"Text"}]}]},{"IndexInText":1040,"Language":"ron","Length":8,"Rotation":"None","SkewAngle":-0.1,"Type":"Paragraph","WordGroups":[{"IndexInText":1040,"Length":8,"Type":"Other","Words":[{"Box":[41.43,439.92,33.75,6.99],"Polygon":[439.93,41.43,473.66,41.49,473.65,48.43,439.92,48.37],"IndexInText":1040,"OcrConfidence":-1.0,"Text":"Subtotal","VisualLineNumber":0,"TextType":"Text"}]}]},{"IndexInText":1050,"Language":"eng","Length":14,"Rotation":"None","SkewAngle":-0.1,"Type":"Paragraph","WordGroups":[{"IndexInText":1050,"Length":14,"Type":"Other","Words":[{"Box":[59.26,36.82,34.41,8.59],"Polygon":[36.83,59.26,71.23,59.32,71.22,67.86,36.82,67.8],"IndexInText":1050,"OcrConfidence":-1.0,"Text":"midnight","VisualLineNumber":1,"TextType":"Text"},{"Box":[59.06,73.62,22.28,8.57],"Polygon":[73.63,59.06,95.9,59.1,95.88,67.63,73.62,67.59],"IndexInText":1059,"OcrConfidence":-1.0,"Text":"(UTC)","VisualLineNumber":1,"TextType":"Text"}]}]},{"IndexInText":1066,"Language":"eng","Length":38,"Rotation":"None","SkewAngle":-0.1,"Type":"Paragraph","WordGroups":[{"IndexInText":1066,"Length":38,"Type":"Other","Words":[{"Box":[213.93,37.34,36.55,9.4],"Polygon":[37.36,213.93,73.89,214.0,73.88,223.33,37.34,223.26],"IndexInText":1066,"OcrConfidence":-1.0,"Text":"Invoice","VisualLineNumber":6,"TextType":"Text"},{"Box":[214.0,78.41,36.42,11.66],"Polygon":[78.43,214.0,114.83,214.07,114.81,225.67,78.41,225.6],"IndexInText":1074,"OcrConfidence":-1.0,"Text":"History","VisualLineNumber":6,"TextType":"Text"},{"Box":[243.28,43.83,5.08,6.68],"Polygon":[43.84,243.28,48.91,243.28,48.9,249.95,43.83,249.94],"IndexInText":1082,"OcrConfidence":-1.0,"Text":"4","VisualLineNumber":7,"TextType":"Text"},{"Box":[243.02,51.3,14.28,6.96],"Polygon":[51.31,243.02,65.58,243.05,65.56,249.98,51.3,249.96],"IndexInText":1084,"OcrConfidence":-1.0,"Text":"Feb","VisualLineNumber":7,"TextType":"Text"},{"Box":[243.18,67.83,20.28,6.84],"Polygon":[67.84,243.18,88.11,243.22,88.1,250.02,67.83,249.98],"IndexInText":1088,"OcrConfidence":-1.0,"Text":"2022","VisualLineNumber":7,"TextType":"Text"},{"Box":[243.09,90.36,17.61,6.96],"Polygon":[90.38,243.09,107.98,243.12,107.96,250.05,90.36,250.02],"IndexInText":1093,"OcrConfidence":-1.0,"Text":"5:21","VisualLineNumber":7,"TextType":"Text"},{"Box":[243.26,110.5,12.81,6.69],"Polygon":[110.51,243.26,123.31,243.28,123.3,249.95,110.5,249.93],"IndexInText":1098,"OcrConfidence":-1.0,"Text":"PM","VisualLineNumber":7,"TextType":"Text"},{"Box":[243.15,125.96,17.35,6.83],"Polygon":[125.98,243.15,143.31,243.18,143.3,249.98,125.96,249.95],"IndexInText":1101,"OcrConfidence":-1.0,"Text":"UTC","VisualLineNumber":7,"TextType":"Text"}]}]},{"IndexInText":1106,"Language":"eng","Length":22,"Rotation":"None","SkewAngle":-0.1,"Type":"Paragraph","WordGroups":[{"IndexInText":1106,"Length":22,"Type":"Other","Words":[{"Box":[276.34,44.17,4.68,6.67],"Polygon":[44.18,276.34,48.85,276.35,48.84,283.02,44.17,283.01],"IndexInText":1106,"OcrConfidence":-1.0,"Text":"3","VisualLineNumber":8,"TextType":"Text"},{"Box":[276.09,51.24,14.28,6.96],"Polygon":[51.25,276.09,65.52,276.11,65.51,283.05,51.24,283.02],"IndexInText":1108,"OcrConfidence":-1.0,"Text":"Feb","VisualLineNumber":8,"TextType":"Text"},{"Box":[276.25,67.77,20.41,6.84],"Polygon":[67.78,276.25,88.18,276.29,88.17,283.09,67.77,283.05],"IndexInText":1112,"OcrConfidence":-1.0,"Text":"2022","VisualLineNumber":8,"TextType":"Text"},{"Box":[276.16,90.31,17.61,6.96],"Polygon":[90.32,276.16,107.92,276.19,107.91,283.12,90.31,283.09],"IndexInText":1117,"OcrConfidence":-1.0,"Text":"5:21","VisualLineNumber":8,"TextType":"Text"},{"Box":[276.19,110.44,12.95,6.82],"Polygon":[110.45,276.19,123.38,276.21,123.37,283.01,110.44,282.99],"IndexInText":1122,"OcrConfidence":-1.0,"Text":"PM","VisualLineNumber":8,"TextType":"Text"},{"Box":[276.22,126.04,17.35,6.83],"Polygon":[126.05,276.22,143.38,276.25,143.37,283.05,126.04,283.02],"IndexInText":1125,"OcrConfidence":-1.0,"Text":"UTC","VisualLineNumber":8,"TextType":"Text"}]}]},{"IndexInText":1130,"Language":"eng","Length":22,"Rotation":"None","SkewAngle":-0.1,"Type":"Paragraph","WordGroups":[{"IndexInText":1130,"Length":22,"Type":"Other","Words":[{"Box":[309.41,44.12,4.68,6.67],"Polygon":[44.13,309.41,48.79,309.42,48.78,316.08,44.12,316.08],"IndexInText":1130,"OcrConfidence":-1.0,"Text":"2","VisualLineNumber":9,"TextType":"Text"},{"Box":[309.16,51.32,14.28,6.96],"Polygon":[51.33,309.16,65.59,309.18,65.58,316.11,51.32,316.09],"IndexInText":1132,"OcrConfidence":-1.0,"Text":"Feb","VisualLineNumber":9,"TextType":"Text"},{"Box":[309.32,67.72,20.55,6.84],"Polygon":[67.73,309.32,88.26,309.35,88.25,316.15,67.72,316.12],"IndexInText":1136,"OcrConfidence":-1.0,"Text":"2022","VisualLineNumber":9,"TextType":"Text"},{"Box":[309.22,90.38,17.61,6.96],"Polygon":[90.39,309.22,107.99,309.25,107.98,316.19,90.38,316.16],"IndexInText":1141,"OcrConfidence":-1.0,"Text":"5:09","VisualLineNumber":9,"TextType":"Text"},{"Box":[309.39,110.38,13.08,6.69],"Polygon":[110.39,309.39,123.46,309.42,123.45,316.08,110.38,316.06],"IndexInText":1146,"OcrConfidence":-1.0,"Text":"PM","VisualLineNumber":9,"TextType":"Text"},{"Box":[309.29,125.98,17.35,6.83],"Polygon":[125.99,309.29,143.33,309.32,143.32,316.12,125.98,316.09],"IndexInText":1149,"OcrConfidence":-1.0,"Text":"UTC","VisualLineNumber":9,"TextType":"Text"}]}]},{"IndexInText":1154,"Language":"eng","Length":22,"Rotation":"None","SkewAngle":-0.1,"Type":"Paragraph","WordGroups":[{"IndexInText":1154,"Length":22,"Type":"Other","Words":[{"Box":[342.21,44.06,4.81,6.68],"Polygon":[44.07,342.21,48.87,342.22,48.86,348.88,44.06,348.88],"IndexInText":1154,"OcrConfidence":-1.0,"Text":"2","VisualLineNumber":10,"TextType":"Text"},{"Box":[341.96,51.26,14.28,6.96],"Polygon":[51.27,341.96,65.54,341.98,65.52,348.91,51.26,348.89],"IndexInText":1156,"OcrConfidence":-1.0,"Text":"Feb","VisualLineNumber":10,"TextType":"Text"},{"Box":[342.12,67.79,20.41,6.84],"Polygon":[67.8,342.12,88.2,342.15,88.19,348.95,67.79,348.92],"IndexInText":1160,"OcrConfidence":-1.0,"Text":"2022","VisualLineNumber":10,"TextType":"Text"},{"Box":[342.02,90.32,17.61,6.96],"Polygon":[90.34,342.02,107.94,342.05,107.92,348.99,90.32,348.96],"IndexInText":1165,"OcrConfidence":-1.0,"Text":"5:09","VisualLineNumber":10,"TextType":"Text"},{"Box":[342.19,110.46,12.95,6.82],"Polygon":[110.47,342.19,123.4,342.22,123.39,349.02,110.46,348.99],"IndexInText":1170,"OcrConfidence":-1.0,"Text":"PM","VisualLineNumber":10,"TextType":"Text"},{"Box":[342.09,126.06,17.35,6.83],"Polygon":[126.07,342.09,143.4,342.12,143.39,348.92,126.06,348.89],"IndexInText":1173,"OcrConfidence":-1.0,"Text":"UTC","VisualLineNumber":10,"TextType":"Text"}]}]},{"IndexInText":1178,"Language":"eng","Length":22,"Rotation":"None","SkewAngle":-0.1,"Type":"Paragraph","WordGroups":[{"IndexInText":1178,"Length":22,"Type":"Other","Words":[{"Box":[375.14,44.13,4.68,6.81],"Polygon":[44.15,375.14,48.81,375.15,48.8,381.95,44.13,381.94],"IndexInText":1178,"OcrConfidence":-1.0,"Text":"2","VisualLineNumber":11,"TextType":"Text"},{"Box":[375.02,51.33,14.28,6.96],"Polygon":[51.35,375.02,65.61,375.05,65.6,381.98,51.33,381.96],"IndexInText":1180,"OcrConfidence":-1.0,"Text":"Feb","VisualLineNumber":11,"TextType":"Text"},{"Box":[375.18,67.73,20.41,6.84],"Polygon":[67.75,375.18,88.15,375.22,88.13,382.02,67.73,381.98],"IndexInText":1184,"OcrConfidence":-1.0,"Text":"2022","VisualLineNumber":11,"TextType":"Text"},{"Box":[375.22,90.4,17.48,6.83],"Polygon":[90.41,375.22,107.88,375.25,107.87,382.05,90.4,382.02],"IndexInText":1189,"OcrConfidence":-1.0,"Text":"5:09","VisualLineNumber":11,"TextType":"Text"},{"Box":[375.26,110.4,12.95,6.82],"Polygon":[110.41,375.26,123.35,375.28,123.33,382.08,110.4,382.06],"IndexInText":1194,"OcrConfidence":-1.0,"Text":"PM","VisualLineNumber":11,"TextType":"Text"},{"Box":[375.15,126.0,17.35,6.83],"Polygon":[126.01,375.15,143.35,375.18,143.33,381.98,126.0,381.95],"IndexInText":1197,"OcrConfidence":-1.0,"Text":"UTC","VisualLineNumber":11,"TextType":"Text"}]}]},{"IndexInText":1202,"Language":"eng","Length":22,"Rotation":"None","SkewAngle":-0.1,"Type":"Paragraph","WordGroups":[{"IndexInText":1202,"Length":22,"Type":"Other","Words":[{"Box":[408.21,44.08,4.68,6.81],"Polygon":[44.09,408.21,48.75,408.22,48.74,415.02,44.08,415.01],"IndexInText":1202,"OcrConfidence":-1.0,"Text":"2","VisualLineNumber":12,"TextType":"Text"},{"Box":[408.09,51.28,14.28,7.09],"Polygon":[51.29,408.09,65.55,408.11,65.54,415.18,51.28,415.16],"IndexInText":1204,"OcrConfidence":-1.0,"Text":"Feb","VisualLineNumber":12,"TextType":"Text"},{"Box":[408.25,67.81,20.41,6.84],"Polygon":[67.82,408.25,88.22,408.29,88.21,415.09,67.81,415.05],"IndexInText":1208,"OcrConfidence":-1.0,"Text":"2022","VisualLineNumber":12,"TextType":"Text"},{"Box":[408.16,90.34,17.48,6.96],"Polygon":[90.35,408.16,107.82,408.19,107.81,415.12,90.34,415.09],"IndexInText":1213,"OcrConfidence":-1.0,"Text":"5:08","VisualLineNumber":12,"TextType":"Text"},{"Box":[408.33,110.34,13.08,6.82],"Polygon":[110.35,408.33,123.42,408.35,123.41,415.15,110.34,415.13],"IndexInText":1218,"OcrConfidence":-1.0,"Text":"PM","VisualLineNumber":12,"TextType":"Text"},{"Box":[408.22,126.08,17.21,6.83],"Polygon":[126.09,408.22,143.29,408.25,143.28,415.05,126.08,415.02],"IndexInText":1221,"OcrConfidence":-1.0,"Text":"UTC","VisualLineNumber":12,"TextType":"Text"}]}]},{"IndexInText":1226,"Language":"eng","Length":22,"Rotation":"None","SkewAngle":-0.1,"Type":"Paragraph","WordGroups":[{"IndexInText":1226,"Length":22,"Type":"Other","Words":[{"Box":[441.28,44.02,4.81,6.81],"Polygon":[44.03,441.28,48.83,441.29,48.82,448.09,44.02,448.08],"IndexInText":1226,"OcrConfidence":-1.0,"Text":"2","VisualLineNumber":13,"TextType":"Text"},{"Box":[441.16,51.22,14.28,6.96],"Polygon":[51.23,441.16,65.5,441.18,65.48,448.11,51.22,448.09],"IndexInText":1228,"OcrConfidence":-1.0,"Text":"Feb","VisualLineNumber":13,"TextType":"Text"},{"Box":[441.32,67.75,20.41,6.84],"Polygon":[67.76,441.32,88.16,441.35,88.15,448.15,67.75,448.12],"IndexInText":1232,"OcrConfidence":-1.0,"Text":"2022","VisualLineNumber":13,"TextType":"Text"},{"Box":[441.36,90.42,17.48,6.83],"Polygon":[90.43,441.36,107.9,441.39,107.88,448.19,90.42,448.16],"IndexInText":1237,"OcrConfidence":-1.0,"Text":"5:07","VisualLineNumber":13,"TextType":"Text"},{"Box":[441.39,110.42,12.95,6.69],"Polygon":[110.43,441.39,123.36,441.42,123.35,448.08,110.42,448.06],"IndexInText":1242,"OcrConfidence":-1.0,"Text":"PM","VisualLineNumber":13,"TextType":"Text"},{"Box":[441.29,126.02,17.35,6.83],"Polygon":[126.03,441.29,143.36,441.32,143.35,448.12,126.02,448.09],"IndexInText":1245,"OcrConfidence":-1.0,"Text":"UTC","VisualLineNumber":13,"TextType":"Text"}]}]},{"IndexInText":1250,"Language":"eng","Length":22,"Rotation":"None","SkewAngle":-0.1,"Type":"Paragraph","WordGroups":[{"IndexInText":1250,"Length":22,"Type":"Other","Words":[{"Box":[474.08,43.96,4.95,6.81],"Polygon":[43.97,474.08,48.91,474.09,48.89,480.89,43.96,480.88],"IndexInText":1250,"OcrConfidence":-1.0,"Text":"2","VisualLineNumber":14,"TextType":"Text"},{"Box":[473.96,51.29,14.28,7.09],"Polygon":[51.31,473.96,65.57,473.98,65.56,481.05,51.29,481.02],"IndexInText":1252,"OcrConfidence":-1.0,"Text":"Feb","VisualLineNumber":14,"TextType":"Text"},{"Box":[474.12,67.69,20.55,6.84],"Polygon":[67.71,474.12,88.24,474.15,88.23,480.95,67.69,480.92],"IndexInText":1256,"OcrConfidence":-1.0,"Text":"2022","VisualLineNumber":14,"TextType":"Text"},{"Box":[474.02,90.36,17.61,6.96],"Polygon":[90.37,474.02,107.97,474.05,107.96,480.99,90.36,480.96],"IndexInText":1261,"OcrConfidence":-1.0,"Text":"5:07","VisualLineNumber":14,"TextType":"Text"},{"Box":[474.06,110.36,13.08,6.82],"Polygon":[110.37,474.06,123.44,474.08,123.43,480.88,110.36,480.86],"IndexInText":1266,"OcrConfidence":-1.0,"Text":"PM","VisualLineNumber":14,"TextType":"Text"},{"Box":[474.09,125.96,17.48,6.83],"Polygon":[125.97,474.09,143.44,474.12,143.43,480.92,125.96,480.89],"IndexInText":1269,"OcrConfidence":-1.0,"Text":"UTC","VisualLineNumber":14,"TextType":"Text"}]}]},{"IndexInText":1274,"Language":"eng","Length":23,"Rotation":"None","SkewAngle":-0.1,"Type":"Paragraph","WordGroups":[{"IndexInText":1274,"Length":23,"Type":"Other","Words":[{"Box":[68.53,382.14,18.01,6.83],"Polygon":[382.15,68.53,400.15,68.56,400.14,75.36,382.14,75.33],"IndexInText":1274,"OcrConfidence":-1.0,"Text":"VAT","VisualLineNumber":2,"TextType":"Text"},{"Box":[71.9,402.27,2.67,1.2],"Polygon":[402.28,71.9,404.94,71.91,404.94,73.11,402.27,73.1],"IndexInText":1278,"OcrConfidence":-1.0,"Text":"-","VisualLineNumber":2,"TextType":"Text"},{"Box":[68.31,407.07,21.61,8.57],"Polygon":[407.08,68.31,428.68,68.35,428.67,76.88,407.07,76.84],"IndexInText":1280,"OcrConfidence":-1.0,"Text":"Spain","VisualLineNumber":2,"TextType":"Text"},{"Box":[68.09,431.2,17.08,8.56],"Polygon":[431.22,68.09,448.28,68.12,448.27,76.65,431.2,76.62],"IndexInText":1286,"OcrConfidence":-1.0,"Text":"(ES):","VisualLineNumber":2,"TextType":"Text"},{"Box":[68.52,450.54,24.55,6.84],"Polygon":[450.55,68.52,475.08,68.56,475.07,75.36,450.54,75.32],"IndexInText":1292,"OcrConfidence":-1.0,"Text":"21.0%","VisualLineNumber":2,"TextType":"Text"}]}]},{"IndexInText":1299,"Language":"fra","Length":11,"Rotation":"None","SkewAngle":-0.1,"Type":"Paragraph","WordGroups":[{"IndexInText":1299,"Length":11,"Type":"Other","Words":[{"Box":[100.72,411.55,31.88,6.99],"Polygon":[411.56,100.72,443.42,100.77,443.41,107.71,411.55,107.65],"IndexInText":1299,"OcrConfidence":-1.0,"Text":"GRAND","VisualLineNumber":3,"TextType":"Text"},{"Box":[100.78,445.28,29.08,6.85],"Polygon":[445.29,100.78,474.36,100.83,474.35,107.63,445.28,107.58],"IndexInText":1305,"OcrConfidence":-1.0,"Text":"TOTAL","VisualLineNumber":3,"TextType":"Text"}]}]},{"IndexInText":1312,"Language":"fra","Length":8,"Rotation":"None","SkewAngle":-0.1,"Type":"Paragraph","WordGroups":[{"IndexInText":1312,"Length":8,"Type":"Other","Words":[{"Box":[133.03,435.09,39.35,8.47],"Polygon":[435.1,133.03,474.44,133.09,474.42,141.49,435.09,141.43],"IndexInText":1312,"OcrConfidence":-1.0,"Text":"Payments","VisualLineNumber":4,"TextType":"Text"}]}]},{"IndexInText":1322,"Language":"und","Length":3,"Rotation":"None","SkewAngle":-0.1,"Type":"Paragraph","WordGroups":[{"IndexInText":1322,"Length":3,"Type":"Other","Words":[{"Box":[160.0,456.11,17.75,6.83],"Polygon":[456.12,160.0,473.85,160.03,473.84,166.83,456.11,166.8],"IndexInText":1322,"OcrConfidence":-1.0,"Text":"DUE","VisualLineNumber":5,"TextType":"Text"}]}]},{"IndexInText":1327,"Language":"eng","Length":57,"Rotation":"None","SkewAngle":-0.1,"Type":"Paragraph","WordGroups":[{"IndexInText":1327,"Length":57,"Type":"Other","Words":[{"Box":[243.08,158.23,24.68,6.98],"Polygon":[158.24,243.08,182.91,243.12,182.9,250.05,158.23,250.01],"IndexInText":1327,"OcrConfidence":-1.0,"Text":"Credit","VisualLineNumber":7,"TextType":"Text"},{"Box":[242.99,185.03,16.55,7.1],"Polygon":[185.04,242.99,201.58,243.02,201.56,250.08,185.03,250.06],"IndexInText":1334,"OcrConfidence":-1.0,"Text":"card","VisualLineNumber":7,"TextType":"Text"},{"Box":[243.56,204.36,35.88,8.06],"Polygon":[204.38,243.56,240.24,243.62,240.23,251.62,204.36,251.56],"IndexInText":1339,"OcrConfidence":-1.0,"Text":"payment:","VisualLineNumber":7,"TextType":"Text"},{"Box":[243.22,242.5,27.61,7.91],"Polygon":[242.51,243.22,270.11,243.27,270.1,251.14,242.5,251.09],"IndexInText":1348,"OcrConfidence":-1.0,"Text":"€21,72","VisualLineNumber":7,"TextType":"Text"},{"Box":[242.74,272.63,32.28,8.59],"Polygon":[272.64,242.74,304.91,242.8,304.9,251.33,272.63,251.28],"IndexInText":1355,"OcrConfidence":-1.0,"Text":"(Master,","VisualLineNumber":7,"TextType":"Text"},{"Box":[242.67,306.9,101.75,8.58],"Polygon":[306.91,242.67,408.64,242.85,408.63,251.25,306.9,251.07],"IndexInText":1364,"OcrConfidence":-1.0,"Text":"XXXX-XXXX-XXXX-5010)","VisualLineNumber":7,"TextType":"Text"}]}]},{"IndexInText":1386,"Language":"eng","Length":64,"Rotation":"None","SkewAngle":-0.1,"Type":"Paragraph","WordGroups":[{"IndexInText":1386,"Length":64,"Type":"Other","Words":[{"Box":[276.14,158.17,24.68,6.98],"Polygon":[158.18,276.14,182.85,276.19,182.84,283.12,158.17,283.08],"IndexInText":1386,"OcrConfidence":-1.0,"Text":"Credit","VisualLineNumber":8,"TextType":"Text"},{"Box":[276.19,184.97,16.55,6.96],"Polygon":[184.98,276.19,201.52,276.22,201.51,283.15,184.97,283.12],"IndexInText":1393,"OcrConfidence":-1.0,"Text":"card","VisualLineNumber":8,"TextType":"Text"},{"Box":[276.62,204.44,33.88,8.06],"Polygon":[204.45,276.62,238.32,276.68,238.3,284.68,204.44,284.62],"IndexInText":1398,"OcrConfidence":-1.0,"Text":"payment","VisualLineNumber":8,"TextType":"Text"},{"Box":[276.02,240.17,23.75,7.11],"Polygon":[240.19,276.02,263.92,276.06,263.91,283.13,240.17,283.09],"IndexInText":1406,"OcrConfidence":-1.0,"Text":"failed:","VisualLineNumber":8,"TextType":"Text"},{"Box":[276.2,266.17,27.61,8.05],"Polygon":[266.18,276.2,293.78,276.25,293.77,284.25,266.17,284.2],"IndexInText":1414,"OcrConfidence":-1.0,"Text":"€21,72","VisualLineNumber":8,"TextType":"Text"},{"Box":[275.85,296.3,32.28,8.59],"Polygon":[296.32,275.85,328.59,275.91,328.57,284.44,296.3,284.38],"IndexInText":1421,"OcrConfidence":-1.0,"Text":"(Master,","VisualLineNumber":8,"TextType":"Text"},{"Box":[275.78,330.57,101.61,8.58],"Polygon":[330.59,275.78,432.19,275.95,432.17,284.35,330.57,284.18],"IndexInText":1430,"OcrConfidence":-1.0,"Text":"XXXX-XXXX-XXXX-5010)","VisualLineNumber":8,"TextType":"Text"}]}]},{"IndexInText":1452,"Language":"spa","Length":35,"Rotation":"None","SkewAngle":-0.1,"Type":"Paragraph","WordGroups":[{"IndexInText":1452,"Length":35,"Type":"Other","Words":[{"Box":[309.21,158.65,27.61,6.98],"Polygon":[158.66,309.21,186.26,309.26,186.25,316.19,158.65,316.14],"IndexInText":1452,"OcrConfidence":-1.0,"Text":"Invoice","VisualLineNumber":9,"TextType":"Text"},{"Box":[309.8,188.38,16.68,6.43],"Polygon":[188.39,309.8,205.06,309.82,205.05,316.22,188.38,316.2],"IndexInText":1460,"OcrConfidence":-1.0,"Text":"sent","VisualLineNumber":9,"TextType":"Text"},{"Box":[309.83,206.92,8.01,6.41],"Polygon":[206.93,309.83,214.93,309.84,214.92,316.24,206.92,316.23],"IndexInText":1465,"OcrConfidence":-1.0,"Text":"to","VisualLineNumber":9,"TextType":"Text"},{"Box":[309.04,216.51,73.48,8.79],"Polygon":[216.53,309.04,289.99,309.17,289.98,317.84,216.51,317.71],"IndexInText":1468,"OcrConfidence":-1.0,"Text":"jbargallo@tas-sl.es","VisualLineNumber":9,"TextType":"Text"}]}]},{"IndexInText":1489,"Language":"eng","Length":64,"Rotation":"None","SkewAngle":-0.1,"Type":"Paragraph","WordGroups":[{"IndexInText":1489,"Length":64,"Type":"Other","Words":[{"Box":[342.01,158.19,24.68,6.98],"Polygon":[158.2,342.01,182.87,342.05,182.86,348.99,158.19,348.94],"IndexInText":1489,"OcrConfidence":-1.0,"Text":"Credit","VisualLineNumber":10,"TextType":"Text"},{"Box":[341.92,184.99,16.55,7.1],"Polygon":[185.0,341.92,201.54,341.95,201.52,349.02,184.99,348.99],"IndexInText":1496,"OcrConfidence":-1.0,"Text":"card","VisualLineNumber":10,"TextType":"Text"},{"Box":[342.49,204.32,34.01,8.06],"Polygon":[204.34,342.49,238.34,342.55,238.32,350.55,204.32,350.49],"IndexInText":1501,"OcrConfidence":-1.0,"Text":"payment","VisualLineNumber":10,"TextType":"Text"},{"Box":[341.89,240.19,23.75,7.11],"Polygon":[240.2,341.89,263.94,341.93,263.92,348.99,240.19,348.95],"IndexInText":1509,"OcrConfidence":-1.0,"Text":"failed:","VisualLineNumber":10,"TextType":"Text"},{"Box":[342.06,266.19,27.61,8.05],"Polygon":[266.2,342.06,293.8,342.11,293.79,350.11,266.19,350.06],"IndexInText":1517,"OcrConfidence":-1.0,"Text":"€21,72","VisualLineNumber":10,"TextType":"Text"},{"Box":[341.85,296.32,32.28,8.46],"Polygon":[296.34,341.85,328.6,341.91,328.59,350.31,296.32,350.25],"IndexInText":1524,"OcrConfidence":-1.0,"Text":"(Master,","VisualLineNumber":10,"TextType":"Text"},{"Box":[341.64,330.59,101.61,8.58],"Polygon":[330.6,341.64,432.2,341.82,432.19,350.22,330.59,350.04],"IndexInText":1533,"OcrConfidence":-1.0,"Text":"XXXX-XXXX-XXXX-5010)","VisualLineNumber":10,"TextType":"Text"}]}]},{"IndexInText":1555,"Language":"ita","Length":56,"Rotation":"None","SkewAngle":-0.1,"Type":"Paragraph","WordGroups":[{"IndexInText":1555,"Length":56,"Type":"Other","Words":[{"Box":[375.08,158.67,24.01,6.98],"Polygon":[158.68,375.08,182.68,375.12,182.67,382.05,158.67,382.01],"IndexInText":1555,"OcrConfidence":-1.0,"Text":"Issued","VisualLineNumber":11,"TextType":"Text"},{"Box":[374.99,185.07,49.61,7.15],"Polygon":[185.08,374.99,234.68,375.08,234.67,382.14,185.07,382.06],"IndexInText":1562,"OcrConfidence":-1.0,"Text":"consolidated","VisualLineNumber":11,"TextType":"Text"},{"Box":[375.08,237.33,27.48,6.98],"Polygon":[237.35,375.08,264.81,375.13,264.8,382.06,237.33,382.01],"IndexInText":1575,"OcrConfidence":-1.0,"Text":"invoice","VisualLineNumber":11,"TextType":"Text"},{"Box":[374.87,267.33,24.55,8.44],"Polygon":[267.35,374.87,291.88,374.91,291.86,383.31,267.33,383.27],"IndexInText":1583,"OcrConfidence":-1.0,"Text":"(Total:","VisualLineNumber":11,"TextType":"Text"},{"Box":[375.18,294.13,29.61,8.05],"Polygon":[294.15,375.18,323.75,375.23,323.73,383.23,294.13,383.18],"IndexInText":1591,"OcrConfidence":-1.0,"Text":"€21,72,","VisualLineNumber":11,"TextType":"Text"},{"Box":[375.24,326.27,17.75,6.83],"Polygon":[326.28,375.24,344.01,375.27,344.0,382.07,326.27,382.04],"IndexInText":1599,"OcrConfidence":-1.0,"Text":"Due:","VisualLineNumber":11,"TextType":"Text"},{"Box":[374.74,346.13,30.15,8.59],"Polygon":[346.15,374.74,376.28,374.79,376.26,383.32,346.13,383.27],"IndexInText":1604,"OcrConfidence":-1.0,"Text":"€21,72)","VisualLineNumber":11,"TextType":"Text"}]}]},{"IndexInText":1613,"Language":"eng","Length":62,"Rotation":"None","SkewAngle":-0.1,"Type":"Paragraph","WordGroups":[{"IndexInText":1613,"Length":62,"Type":"Other","Words":[{"Box":[408.14,157.81,25.35,6.98],"Polygon":[157.82,408.14,183.15,408.19,183.14,415.12,157.81,415.08],"IndexInText":1613,"OcrConfidence":-1.0,"Text":"Added","VisualLineNumber":12,"TextType":"Text"},{"Box":[408.19,185.94,27.48,6.98],"Polygon":[185.95,408.19,213.42,408.24,213.41,415.17,185.94,415.12],"IndexInText":1619,"OcrConfidence":-1.0,"Text":"invoice","VisualLineNumber":12,"TextType":"Text"},{"Box":[408.24,216.08,54.28,6.89],"Polygon":[216.09,408.24,270.35,408.34,270.34,415.14,216.08,415.04],"IndexInText":1627,"OcrConfidence":-1.0,"Text":"INV-1360902","VisualLineNumber":12,"TextType":"Text"},{"Box":[408.21,272.34,11.61,6.95],"Polygon":[272.35,408.21,283.95,408.23,283.94,415.16,272.34,415.14],"IndexInText":1639,"OcrConfidence":-1.0,"Text":"for","VisualLineNumber":12,"TextType":"Text"},{"Box":[408.37,286.21,23.61,8.31],"Polygon":[286.22,408.37,309.82,408.41,309.81,416.67,286.21,416.63],"IndexInText":1643,"OcrConfidence":-1.0,"Text":"Usage","VisualLineNumber":12,"TextType":"Text"},{"Box":[407.88,312.34,24.55,8.44],"Polygon":[312.36,407.88,336.89,407.92,336.87,416.32,312.34,416.28],"IndexInText":1649,"OcrConfidence":-1.0,"Text":"(Total:","VisualLineNumber":12,"TextType":"Text"},{"Box":[408.19,339.14,24.28,8.04],"Polygon":[339.15,408.19,363.42,408.23,363.41,416.23,339.14,416.19],"IndexInText":1657,"OcrConfidence":-1.0,"Text":"€0,00,","VisualLineNumber":12,"TextType":"Text"},{"Box":[408.37,365.94,17.75,6.83],"Polygon":[365.95,408.37,383.69,408.4,383.68,415.2,365.94,415.17],"IndexInText":1664,"OcrConfidence":-1.0,"Text":"Due:","VisualLineNumber":12,"TextType":"Text"},{"Box":[407.87,385.94,24.81,8.44],"Polygon":[385.96,407.87,410.76,407.92,410.74,416.32,385.94,416.27],"IndexInText":1669,"OcrConfidence":-1.0,"Text":"€0,00)","VisualLineNumber":12,"TextType":"Text"}]}]},{"IndexInText":1677,"Language":"eng","Length":73,"Rotation":"None","SkewAngle":-0.1,"Type":"Paragraph","WordGroups":[{"IndexInText":1677,"Length":73,"Type":"Other","Words":[{"Box":[441.21,157.75,25.48,6.98],"Polygon":[157.76,441.21,183.23,441.25,183.22,448.19,157.75,448.14],"IndexInText":1677,"OcrConfidence":-1.0,"Text":"Added","VisualLineNumber":13,"TextType":"Text"},{"Box":[441.26,185.88,27.48,6.98],"Polygon":[185.9,441.26,213.36,441.31,213.35,448.24,185.88,448.19],"IndexInText":1683,"OcrConfidence":-1.0,"Text":"invoice","VisualLineNumber":13,"TextType":"Text"},{"Box":[441.31,216.02,54.28,6.89],"Polygon":[216.03,441.31,270.3,441.4,270.28,448.2,216.02,448.11],"IndexInText":1691,"OcrConfidence":-1.0,"Text":"INV-1360168","VisualLineNumber":13,"TextType":"Text"},{"Box":[441.28,272.42,11.48,6.95],"Polygon":[272.43,441.28,283.9,441.3,283.88,448.23,272.42,448.21],"IndexInText":1703,"OcrConfidence":-1.0,"Text":"for","VisualLineNumber":13,"TextType":"Text"},{"Box":[441.43,286.42,27.34,6.71],"Polygon":[286.43,441.43,313.76,441.48,313.75,448.15,286.42,448.1],"IndexInText":1707,"OcrConfidence":-1.0,"Text":"Bronze","VisualLineNumber":13,"TextType":"Text"},{"Box":[441.22,316.55,34.81,6.99],"Polygon":[316.56,441.22,351.36,441.28,351.35,448.21,316.55,448.15],"IndexInText":1714,"OcrConfidence":-1.0,"Text":"Premium","VisualLineNumber":13,"TextType":"Text"},{"Box":[441.02,353.88,24.68,8.44],"Polygon":[353.9,441.02,378.56,441.06,378.55,449.46,353.88,449.42],"IndexInText":1722,"OcrConfidence":-1.0,"Text":"(Total:","VisualLineNumber":13,"TextType":"Text"},{"Box":[441.33,380.68,29.61,8.05],"Polygon":[380.7,441.33,410.3,441.38,410.28,449.38,380.68,449.33],"IndexInText":1730,"OcrConfidence":-1.0,"Text":"€21,72,","VisualLineNumber":13,"TextType":"Text"},{"Box":[441.39,412.82,17.75,6.83],"Polygon":[412.83,441.39,430.56,441.42,430.55,448.22,412.82,448.19],"IndexInText":1738,"OcrConfidence":-1.0,"Text":"Due:","VisualLineNumber":13,"TextType":"Text"},{"Box":[440.89,432.68,30.15,8.45],"Polygon":[432.7,440.89,462.83,440.94,462.82,449.34,432.68,449.29],"IndexInText":1743,"OcrConfidence":-1.0,"Text":"€21,72)","VisualLineNumber":13,"TextType":"Text"}]}]},{"IndexInText":1752,"Language":"eng","Length":28,"Rotation":"None","SkewAngle":-0.1,"Type":"Paragraph","WordGroups":[{"IndexInText":1752,"Length":28,"Type":"Other","Words":[{"Box":[474.01,158.09,31.48,6.99],"Polygon":[158.11,474.01,189.57,474.06,189.56,481.0,158.09,480.94],"IndexInText":1752,"OcrConfidence":-1.0,"Text":"Created","VisualLineNumber":14,"TextType":"Text"},{"Box":[473.93,191.96,49.61,7.15],"Polygon":[191.97,473.93,241.57,474.02,241.56,481.09,191.96,481.0],"IndexInText":1760,"OcrConfidence":-1.0,"Text":"consolidated","VisualLineNumber":14,"TextType":"Text"},{"Box":[474.03,244.23,27.48,6.98],"Polygon":[244.24,474.03,271.71,474.07,271.69,481.01,244.23,480.96],"IndexInText":1773,"OcrConfidence":-1.0,"Text":"invoice","VisualLineNumber":14,"TextType":"Text"}]}]},{"IndexInText":1782,"Language":"tur","Length":12,"Rotation":"None","SkewAngle":-0.1,"Type":"Paragraph","WordGroups":[{"IndexInText":1782,"Length":12,"Type":"Other","Words":[{"Box":[41.6,532.98,27.21,7.91],"Polygon":[532.99,41.6,560.19,41.64,560.18,49.51,532.98,49.46],"IndexInText":1782,"OcrConfidence":-1.0,"Text":"€17,95","VisualLineNumber":0,"TextType":"Text"},{"Box":[68.54,538.27,22.41,7.91],"Polygon":[538.28,68.54,560.68,68.58,560.67,76.44,538.27,76.41],"IndexInText":1789,"OcrConfidence":-1.0,"Text":"€3,77","VisualLineNumber":2,"TextType":"Text"}]}]},{"IndexInText":1796,"Language":"tur","Length":6,"Rotation":"None","SkewAngle":-0.1,"Type":"Paragraph","WordGroups":[{"IndexInText":1796,"Length":6,"Type":"Other","Words":[{"Box":[100.8,532.88,27.61,7.91],"Polygon":[532.89,100.8,560.49,100.84,560.48,108.71,532.88,108.66],"IndexInText":1796,"OcrConfidence":-1.0,"Text":"€21,72","VisualLineNumber":3,"TextType":"Text"}]}]},{"IndexInText":1804,"Language":"tur","Length":6,"Rotation":"None","SkewAngle":-0.1,"Type":"Paragraph","WordGroups":[{"IndexInText":1804,"Length":6,"Type":"Other","Words":[{"Box":[133.06,532.82,27.75,7.92],"Polygon":[532.84,133.06,560.57,133.11,560.55,140.98,532.82,140.93],"IndexInText":1804,"OcrConfidence":-1.0,"Text":"€21,72","VisualLineNumber":4,"TextType":"Text"}]}]},{"IndexInText":1812,"Language":"nld","Length":5,"Rotation":"None","SkewAngle":-0.1,"Type":"Paragraph","WordGroups":[{"IndexInText":1812,"Length":5,"Type":"Other","Words":[{"Box":[160.01,538.11,22.68,8.04],"Polygon":[538.12,160.01,560.79,160.04,560.77,168.04,538.11,168.01],"IndexInText":1812,"OcrConfidence":-1.0,"Text":"€o,oo","VisualLineNumber":5,"TextType":"Text"}]}]}],"ProcessingSource":"Ocr","IndexInText":974,"TextLength":843,"SkewAngle":-0.1,"PageMetadata":[]}],"DocumentMetadata":[{"Key":"CommitSHA","Value":null},{"Key":"ReleaseVersion","Value":null}]}