{"DocumentTypeId":"Factura.Factura.Amazon","FormId":"dc5a17de","FormName":"amz1","OriginalFileExtension":"pdf","Pages":[{"Page":0,"Size":[0.0,0.0,595.0,841.0],"SkewAngle":-0.1,"Evidence":[{"Text":"Factura","Box":[12.13,517.42,46.96,10.75]},{"Text":"Dirección","Box":[255.89,35.82,39.49,7.8]},{"Text":"Vendido","Box":[256.23,386.3,35.49,7.26]},{"Text":"Información","Box":[363.91,35.09,49.89,7.82]},{"Text":"Página","Box":[814.45,512.02,27.22,8.85]}],"Fields":[],"Tables":[{"FieldId":"Factura.Factura.Amazon.LIN","Headers":[{"FieldId":"Factura.Factura.Amazon.LIN.PRE","Box":[440.7103,339.7655,62.3724,33.6483]},{"FieldId":"Factura.Factura.Amazon.LIN.CAN","Box":[440.7103,298.731,41.0345,33.6483]},{"FieldId":"Factura.Factura.Amazon.LIN.POR_DTO","Box":[0.0,0.0,0.0,0.0]},{"FieldId":"Factura.Factura.Amazon.LIN.DSC","Box":[440.7103,34.469,264.2621,33.6483]},{"FieldId":"Factura.Factura.Amazon.LIN.TIP_IVA","Box":[440.7103,402.1379,39.3931,33.6483]},{"FieldId":"Factura.Factura.Amazon.LIN.APL_RET_IRP","Box":[0.0,0.0,0.0,0.0]}],"Cells":[{"Row":0,"Column":0,"Box":[474.3586,339.7655,62.3724,49.2414]},{"Row":0,"Column":1,"Box":[474.3586,298.731,41.0345,49.2414]},{"Row":0,"Column":3,"Box":[474.3586,34.469,264.2621,49.2414]},{"Row":0,"Column":4,"Box":[474.3586,402.1379,39.3931,49.2414]},{"Row":1,"Column":0,"Box":[523.6,339.7655,62.3724,47.6]},{"Row":1,"Column":1,"Box":[523.6,298.731,41.0345,47.6]},{"Row":1,"Column":3,"Box":[523.6,34.469,264.2621,47.6]},{"Row":1,"Column":4,"Box":[523.6,402.1379,39.3931,47.6]},{"Row":2,"Column":0,"Box":[571.2,339.7655,62.3724,47.6]},{"Row":2,"Column":1,"Box":[571.2,298.731,41.0345,47.6]},{"Row":2,"Column":3,"Box":[571.2,34.469,264.2621,47.6]},{"Row":2,"Column":4,"Box":[571.2,402.1379,39.3931,47.6]},{"Row":3,"Column":0,"Box":[618.8,339.7655,62.3724,20.5172]},{"Row":3,"Column":1,"Box":[618.8,298.731,41.0345,20.5172]},{"Row":3,"Column":3,"Box":[618.8,34.469,264.2621,20.5172]},{"Row":3,"Column":4,"Box":[618.8,402.1379,39.3931,20.5172]},{"Row":4,"Column":0,"Box":[639.3172,339.7655,62.3724,2.0517]},{"Row":4,"Column":1,"Box":[639.3172,298.731,41.0345,2.0517]},{"Row":4,"Column":3,"Box":[639.3172,34.469,264.2621,2.0517]},{"Row":4,"Column":4,"Box":[639.3172,402.1379,39.3931,2.0517]}]}]},{"Page":1,"Size":[0.0,0.0,595.0,841.0],"SkewAngle":-0.1,"Evidence":[],"Fields":[],"Tables":[]}],"AnchorBasedConfiguration":{"AnchorBasedFieldConfiguration":[{"FieldId":"Factura.Factura.Amazon.FCH","FieldDescriptors":[{"PageIndexAtDesignTime":0,"Offset":[-9.7554,75.276,62.2198,16.4977],"Target":{"Text":"Fecha de la factura/Fecha de la entrega","Area":[146.07,345.15,132.04,7.36]},"Anchors":[]}]},{"FieldId":"Factura.Factura.Amazon.NUM_FAC_PRV","FieldDescriptors":[{"PageIndexAtDesignTime":0,"Offset":[-9.1822,84.8451,67.4048,15.0836],"Target":{"Text":"factura","Area":[159.42,391.54,22.95,5.91]},"Anchors":[{"Text":"Número","Area":[159.6,345.13,25.88,5.91]}]}]},{"FieldId":"Factura.Factura.Amazon.PRV_CIF","FieldDescriptors":[{"PageIndexAtDesignTime":0,"Offset":[46.7428,-3.0028,64.5767,12.7268],"Target":{"Text":"Amazon","Area":[271.43,386.28,27.22,5.65]},"Anchors":[]}]},{"FieldId":"Factura.Factura.Amazon.PRV_NOM","FieldDescriptors":[{"PageIndexAtDesignTime":0,"Offset":[6.9859,-22.4554,68.4904,13.787],"Target":{"Text":"Vendido","Area":[256.23,386.3,35.49,7.26]},"Anchors":[]}]},{"FieldId":"Factura.Factura.Amazon.PRV_PAI","FieldDescriptors":[{"PageIndexAtDesignTime":0,"Offset":[5.1456,-41.3282,41.4799,14.1409],"Target":{"Text":"Madrid","Area":[298.42,409.7,22.15,5.64]},"Anchors":[{"Text":"Amazon","Area":[271.43,386.28,27.22,5.65]}]}]},{"FieldId":"Factura.Factura.Amazon.PRV_LLOC","FieldDescriptors":[{"PageIndexAtDesignTime":0,"Offset":[4.1723,-20.3093,116.9905,16.348],"Target":{"Text":"Amazon","Area":[271.43,386.28,27.22,5.65]},"Anchors":[{"Text":"Vendido","Area":[256.23,386.3,35.49,7.26]}]}]},{"FieldId":"Factura.Factura.Amazon.PRV_CPS","FieldDescriptors":[{"PageIndexAtDesignTime":0,"Offset":[-7.7095,-38.7406,27.1293,13.787],"Target":{"Text":"Madrid","Area":[298.42,409.7,22.15,5.64]},"Anchors":[{"Text":"Vendido","Area":[256.23,386.3,35.49,7.26]},{"Text":"Amazon","Area":[271.43,386.28,27.22,5.65]}]}]},{"FieldId":"Factura.Factura.Amazon.PRV_DIR","FieldDescriptors":[{"PageIndexAtDesignTime":0,"Offset":[-22.336,-16.5196,111.1858,16.0108],"Target":{"Text":"28045","Area":[298.37,386.5,20.55,5.64]},"Anchors":[{"Text":"Madrid","Area":[298.42,409.7,22.15,5.64]},{"Text":"Amazon","Area":[271.43,386.28,27.22,5.65]}]}]}]}}