{"DocumentTypeId":"Factura.Factura.Yoigo","FormId":"a9bd0b8f","FormName":"YoigoTemplateCast","OriginalFileExtension":"pdf","Pages":[{"Page":0,"Size":[0.0,0.0,516.0,807.0],"SkewAngle":0.0,"Evidence":[{"Text":"TITULAR","Box":[53.07,34.02,50.64,0.07]},{"Text":"Página","Box":[71.98,448.47,16.2,0.03]},{"Text":"FACTURA","Box":[85.97,34.02,55.01,0.07]},{"Text":"IMPORTE","Box":[122.84,34.02,54.74,0.07]},{"Text":"Importe","Box":[265.87,390.03,27.1,0.05]},{"Text":"TOTAL","Box":[287.88,281.2,20.15,0.04]},{"Text":"Xfera","Box":[791.82,69.11,13.33,0.03]}],"Fields":[],"Tables":[]},{"Page":1,"Size":[0.0,0.0,516.0,807.0],"SkewAngle":0.0,"Evidence":[],"Fields":[],"Tables":[]}],"AnchorBasedConfiguration":{"AnchorBasedFieldConfiguration":[{"FieldId":"Factura.Factura.Yoigo.FCH","FieldDescriptors":[{"PageIndexAtDesignTime":0,"Offset":[-8.2711,116.7227,50.478,11.0347],"Target":{"Text":"Fecha de Emisión","Area":[299.38,57.26,54.45,0.04]},"Anchors":[{"Text":"TUS DATOS","Area":[244.5,57.26,73.82,0.08]}]}]},{"FieldId":"Factura.Factura.Yoigo.FCH_REC","FieldDescriptors":[{"PageIndexAtDesignTime":0,"Offset":[-5.3379,110.0271,50.5324,7.1172],"Target":{"Text":"Fecha de Vencimiento","Area":[309.58,57.26,67.55,0.04]},"Anchors":[{"Text":"TUS DATOS","Area":[244.5,57.26,73.82,0.08]}]}]},{"FieldId":"Factura.Factura.Yoigo.NUM_FAC_PRV","FieldDescriptors":[{"PageIndexAtDesignTime":0,"Offset":[-11.2955,75.5595,90.6169,17.2604],"Target":{"Text":"Núm. de Factura","Area":[262.09,57.26,51.52,0.04]},"Anchors":[{"Text":"TUS DATOS","Area":[244.5,57.26,73.82,0.08]}]}]},{"FieldId":"Factura.Factura.Yoigo.PRV_CIF","FieldDescriptors":[{"PageIndexAtDesignTime":0,"Offset":[-8.4116,6.7253,41.491,11.4458],"Target":{"Text":"C.I.F.","Area":[791.82,389.42,13.82,0.03]},"Anchors":[{"Text":"Xfera Móviles","Area":[791.82,69.11,34.82,0.03]}]}]},{"FieldId":"Factura.Factura.Yoigo.PRV_NOM","FieldDescriptors":[{"PageIndexAtDesignTime":0,"Offset":[-10.6599,-85.898,59.6816,14.3072],"Target":{"Text":"Registro Mercantil","Area":[791.82,126.57,47.83,0.03]},"Anchors":[]}]},{"FieldId":"Factura.Factura.Yoigo.PRV_TLF","FieldDescriptors":[{"PageIndexAtDesignTime":0,"Offset":[3.1358,-29.34,47.466,5.6636],"Target":{"Text":"LLÁMANOS DESDE","Area":[738.5,34.02,52.13,0.04]},"Anchors":[{"Text":"ATENCIÓN AL CLIENTE","Area":[676.82,34.02,81.52,0.05]}]}]},{"FieldId":"Factura.Factura.Yoigo.PRE","FieldDescriptors":[{"PageIndexAtDesignTime":0,"Offset":[-8.8153,3.6858,21.6857,11.7722],"Target":{"Text":"s/","Area":[320.45,356.87,5.05,0.04]},"Anchors":[{"Text":"(IVA","Area":[320.45,314.82,12.31,0.04]},{"Text":"Impuestos","Area":[320.45,281.2,31.49,0.04]}]}]},{"FieldId":"Factura.Factura.Yoigo.TIP_IVA","FieldDescriptors":[{"PageIndexAtDesignTime":0,"Offset":[-7.8859,6.7891,28.5012,10.2233],"Target":{"Text":"(IVA","Area":[320.45,314.82,12.31,0.04]},"Anchors":[{"Text":"Impuestos","Area":[320.45,281.2,31.49,0.04]}]}]}]}}