{"DocumentTypeId":"Factura.Factura.AiguesBar","FormId":"e3321dee","FormName":"agbar1","OriginalFileExtension":"pdf","Pages":[{"Page":0,"Size":[0.0,0.0,595.0,860.0],"SkewAngle":0.0,"Evidence":[{"Text":"CONTRATO","Box":[30.41,520.09,43.91,11.99]},{"Text":"RESUMEN","Box":[339.5,46.0,49.34,14.39]},{"Text":"CONSUMO","Box":[355.41,46.0,47.78,11.61]},{"Text":"FACTURACIÓN","Box":[125.41,506.2,57.8,11.99]},{"Text":"TOTAL","Box":[683.28,221.0,25.56,11.99]}],"Fields":[],"Tables":[{"FieldId":"Factura.Factura.AiguesBar.LIN","Headers":[{"FieldId":"Factura.Factura.AiguesBar.LIN.PRE","Box":[0.0,0.0,0.0,0.0]},{"FieldId":"Factura.Factura.AiguesBar.LIN.CAN","Box":[0.0,0.0,0.0,0.0]},{"FieldId":"Factura.Factura.AiguesBar.LIN.POR_DTO","Box":[0.0,0.0,0.0,0.0]},{"FieldId":"Factura.Factura.AiguesBar.LIN.DSC","Box":[0.0,0.0,0.0,0.0]},{"FieldId":"Factura.Factura.AiguesBar.LIN.TIP_IVA","Box":[0.0,0.0,0.0,0.0]}],"Cells":[{"Row":0,"Column":0,"Box":[398.0345,330.7379,78.7862,20.5172]},{"Row":0,"Column":3,"Box":[399.6759,56.6276,274.1103,18.0552]},{"Row":1,"Column":0,"Box":[416.9103,316.7862,96.0207,16.4138]},{"Row":1,"Column":3,"Box":[418.5517,54.9862,261.8,13.131]},{"Row":2,"Column":0,"Box":[433.3241,322.531,90.2759,16.4138]},{"Row":2,"Column":3,"Box":[434.1448,54.9862,268.3655,13.9517]},{"Row":3,"Column":0,"Box":[489.131,358.6414,54.9862,22.1586]},{"Row":3,"Column":3,"Box":[491.5931,59.0897,300.3724,18.0552]},{"Row":4,"Column":0,"Box":[507.1862,361.9241,50.0621,17.2345]},{"Row":4,"Column":3,"Box":[509.6483,60.731,301.1931,14.7724]}]}]},{"Page":1,"Size":[0.0,0.0,595.0,860.0],"SkewAngle":0.0,"Evidence":[{"Text":"DETALLE","Box":[68.5,55.0,42.0,14.39]},{"Text":"CONSUMO","Box":[84.41,55.0,47.78,11.61]},{"Text":"Volumen","Box":[73.25,375.83,22.34,6.97]},{"Text":"Importe","Box":[73.25,481.67,19.67,6.97]},{"Text":"IVA","Box":[73.25,516.16,8.67,6.97]},{"Text":"CONSUMO","Box":[624.41,65.0,47.78,11.61]},{"Text":"TOTAL","Box":[624.41,305.0,25.56,11.99]}],"Fields":[],"Tables":[]}],"AnchorBasedConfiguration":{"AnchorBasedFieldConfiguration":[{"FieldId":"Factura.Factura.AiguesBar.FCH","FieldDescriptors":[{"PageIndexAtDesignTime":0,"Offset":[-6.7306,102.683,59.2995,13.2174],"Target":{"Text":"Fecha emisión","Area":[162.33,329.0,47.56,9.59]},"Anchors":[{"Text":"DATOS DE FACTURACIÓN","Area":[125.41,462.84,101.16,11.99]}]}]},{"FieldId":"Factura.Factura.AiguesBar.FCH_REC","FieldDescriptors":[{"PageIndexAtDesignTime":0,"Offset":[-5.6589,103.8676,50.0116,11.7885],"Target":{"Text":"Fecha vencimiento","Area":[162.33,383.22,61.78,9.59]},"Anchors":[{"Text":"DATOS DE FACTURACIÓN","Area":[125.41,462.84,101.16,11.99]}]}]},{"FieldId":"Factura.Factura.AiguesBar.NUM_FAC_PRV","FieldDescriptors":[{"PageIndexAtDesignTime":0,"Offset":[-6.9502,153.3774,67.8729,12.8601],"Target":{"Text":"Nº factura","Area":[139.33,329.0,32.62,9.59]},"Anchors":[{"Text":"DATOS DE FACTURACIÓN","Area":[125.41,462.84,101.16,11.99]}]}]},{"FieldId":"Factura.Factura.AiguesBar.PRV_CIF","FieldDescriptors":[{"PageIndexAtDesignTime":0,"Offset":[-37.0894,-3.668,8.1218,28.4263],"Target":{"Text":"C.I.F.","Area":[701.61,577.14,5.81,11.4]},"Anchors":[{"Text":"Aigües de Barcelona,","Area":[668.0,571.2,5.81,45.01]}]}]},{"FieldId":"Factura.Factura.AiguesBar.PRV_NOM","FieldDescriptors":[{"PageIndexAtDesignTime":0,"Offset":[-15.7694,-10.4362,7.8511,47.1064],"Target":{"Text":"A66098435.","Area":[670.75,577.14,5.81,26.69]},"Anchors":[]}]},{"FieldId":"Factura.Factura.AiguesBar.PRV_LLOC","FieldDescriptors":[{"PageIndexAtDesignTime":0,"Offset":[-31.3943,-3.9547,8.3925,23.8239],"Target":{"Text":"08028","Area":[461.84,571.2,5.81,13.9]},"Anchors":[{"Text":"A66098435.","Area":[670.75,577.14,5.81,26.69]}]}]},{"FieldId":"Factura.Factura.AiguesBar.PRV_CPS","FieldDescriptors":[{"PageIndexAtDesignTime":0,"Offset":[11.0156,-5.0057,9.3295,17.4151],"Target":{"Text":"Barcelona.","Area":[437.67,571.2,5.81,22.78]},"Anchors":[{"Text":"A66098435.","Area":[670.75,577.14,5.81,26.69]}]}]},{"FieldId":"Factura.Factura.AiguesBar.PRV_DIR","FieldDescriptors":[{"PageIndexAtDesignTime":0,"Offset":[9.3841,-4.5464,8.2069,48.4207],"Target":{"Text":"08028","Area":[461.84,571.2,5.81,13.9]},"Anchors":[{"Text":"Barcelona.","Area":[437.67,571.2,5.81,22.78]}]}]}]}}